日志最新编号,X,Y,WGS84_lng,WGS84_lat
20201116GM002,114.068999358139,22.5664269112188,114.05731181666778,22.56347429428764
20201116GM009,114.096119201087,22.5569736004921,114.0844982243775,22.553664409966764
20201116GM011,114.071403855175,22.5241847364517,114.0597350288687,22.5212260664024
20201116GM015,114.15204606574,22.5526484892079,114.14053027934303,22.549295814186994
20201116GM018,114.126007753138,22.5472059968561,114.11449387658344,22.543557991733994
20201116GM056,114.13155228018,22.6124567978164,114.12001256501466,22.60881314049352
20201116GM059,113.899281046742,22.5943636227066,113.88793831848977,22.591138944395723
20201117GM026,114.126007753138,22.5472059968561,114.11449387658344,22.543557991733994
20201117GM027,114.124734824433,22.5467391007461,114.11321890471078,22.543091446759643
20201117GM028,114.076919380024,22.5562626041795,114.06524550129696,22.55325491022177
20201117GM029,114.170715159123,22.5681236841067,114.15917032032198,22.565110837560283
20201117GM031,114.038038886119,22.6073643848051,114.02644342912346,22.604158479987863
20201117GM032,114.129362909265,22.5445887410237,114.11785553582307,22.54094801252725
20201117GM034,113.911481938618,22.5798719041216,113.90012131525442,22.57683098748797
20201117GM039,114.178796264337,22.5681605153322,114.16725686942611,22.5652458742763
20201117GM042,114.068999358139,22.5664269112188,114.05731181666778,22.56347429428764
20201117GM045,114.068620727035,22.6311468120343,114.05693463498672,22.628188141403406
20201117GM046,114.068999358139,22.5664269112188,114.05731181666778,22.56347429428764
20201117GM047,114.078084319367,22.5574165705043,114.06641087987202,22.554395796896568
20201117GM048,113.929782614244,22.5038525818472,113.91837897174999,22.501116005468866
20201117GM049,114.150389957276,22.5654386021812,114.13886291576307,22.562051284458157
20201117GM051,114.129362909265,22.5445887410237,114.11785553582307,22.54094801252725
20201117GM052,114.112888650109,22.5601856184245,114.10132892235501,22.55660966299343
20201117GM053,114.138916841261,22.5617763098045,114.12740049072947,22.558208613792836
20201122CHHY001,114.138916841261,22.5617763098045,114.12740049072947,22.558208613792836
20201122CHHY003,114.138916841261,22.5617763098045,114.12740049072947,22.558208613792836
20201122LYJ002,114.038038886119,22.6073643848051,114.02644342912346,22.604158479987863
20201122LYJ003,114.038038886119,22.6073643848051,114.02644342912346,22.604158479987863
20201122LYJ004,114.038038886119,22.6073643848051,114.02644342912346,22.604158479987863
20201122LYJ007,114.037668932279,22.6094113420141,114.02607669573774,22.606199751382988
20201122LYJ010,114.038038886119,22.6073643848051,114.02644342912346,22.604158479987863
20201122LYJ014,114.038038886119,22.6073643848051,114.02644342912346,22.604158479987863
20201122LYJ015,114.037069984467,22.6110102806478,114.02548214298099,22.607789536444926
20201122LYJ016,114.038038886119,22.6073643848051,114.02644342912346,22.604158479987863
20201122LYJ017,114.038038886119,22.6073643848051,114.02644342912346,22.604158479987863
20201122LYJ018,114.038038886119,22.6073643848051,114.02644342912346,22.604158479987863
20201122LYJ020,114.037069984467,22.6110102806478,114.02548214298099,22.607789536444926
20201122LYJ022,114.038038886119,22.6073643848051,114.02644342912346,22.604158479987863
20201122LYJ023,114.038038886119,22.6073643848051,114.02644342912346,22.604158479987863
20201122ZZHF005,113.911098905716,22.5799588865871,113.89973930195744,22.576911397690264
20201122ZZHF006,113.911098905716,22.5799588865871,113.89973930195744,22.576911397690264
20201123HKC001,114.069603719905,22.6296487492287,114.05791575959155,22.626686097318334
20201123HKC004,114.069603719905,22.6296487492287,114.05791575959155,22.626686097318334
20201123HKC005,114.069603719905,22.6296487492287,114.05791575959155,22.626686097318334
20201123HKC008,114.069603719905,22.6296487492287,114.05791575959155,22.626686097318334
20201123HKC011,114.069603719905,22.6296487492287,114.05791575959155,22.626686097318334
20201123HKC012,114.069603719905,22.6296487492287,114.05791575959155,22.626686097318334
20201123HKC013,114.069603719905,22.6296487492287,114.05791575959155,22.626686097318334
20201123HKC016,114.069603719905,22.6296487492287,114.05791575959155,22.626686097318334
20201123HKC017,114.069603719905,22.6296487492287,114.05791575959155,22.626686097318334
20201123HKC021,114.069603719905,22.6296487492287,114.05791575959155,22.626686097318334
20201123SJHC002,114.06411662632,22.6301510806248,114.05243461482593,22.627199406115302
20201123SJHC004,114.06411662632,22.6301510806248,114.05243461482593,22.627199406115302
20201123SJHC005,114.06411662632,22.6301510806248,114.05243461482593,22.627199406115302
20201123SJHC007,114.06411662632,22.6301510806248,114.05243461482593,22.627199406115302
20201123SJHC008,114.06411662632,22.6301510806248,114.05243461482593,22.627199406115302
20201123SJHC009,114.06411662632,22.6301510806248,114.05243461482593,22.627199406115302
20201123SJHC010,114.06411662632,22.6301510806248,114.05243461482593,22.627199406115302
20201123SJHC011,114.06411662632,22.6301510806248,114.05243461482593,22.627199406115302
20201123SJHC012,114.06411662632,22.6301510806248,114.05243461482593,22.627199406115302
20201123SJHC013,114.06411662632,22.6301510806248,114.05243461482593,22.627199406115302
20201123SJHC014,114.06411662632,22.6301510806248,114.05243461482593,22.627199406115302
20201124HQB003,114.142665255666,22.6158005714887,114.13113022184412,22.612274267419256
20201124HQB008,114.096220964987,22.5448102953389,114.08460981571751,22.541501804477118
20201124HQB009,113.79106301514,22.7193940048795,113.77943313761531,22.71615529598879
20201124HQB010,113.966489301373,22.5729104015201,113.95504442125707,22.570058161603917
20201124HQB011,114.094435048627,22.5544540754496,114.0828100449824,22.551176327559638
20201124HQB012,113.90370387595,22.5620783082073,113.89238012312653,22.55891880818056
20201124HQB013,114.094435048627,22.5544540754496,114.0828100449824,22.551176327559638
20201124HQB014,114.089732150143,22.5509838553746,114.07809337868066,22.547791364712666
20201124HQB015,114.088491117228,22.5469598340961,114.07685116764496,22.54378958324312
20201124HQB022,113.851639139474,22.5965593685715,113.84013167130703,22.593631161845423
20201124HQB023,114.052450154715,22.5627846163743,114.0408053025937,22.559778885538222
20201124HQB024,114.071350854059,22.6444937368592,114.0596740077093,22.641521746894075
20201124HQB026,114.105647728368,22.5582255940589,114.09406321722842,22.55474993503836
20201124HQB027,114.097039967048,22.544987349339,114.08543190224023,22.541663864545622
20201124HQB030,114.119630949807,22.656206523574,114.1080995392125,22.652561456390767
20201124HQB031,114.109077653886,22.5637415721619,114.09750047416763,22.560213063062147
20201124HQB033,113.966489301373,22.5729104015201,113.95504442125707,22.570058161603917
20201124HQB035,114.097039967048,22.544987349339,114.08543190224023,22.541663864545622
20201124HQB037,114.094435048627,22.5544540754496,114.0828100449824,22.551176327559638
20201124HQB038,114.096121937965,22.5453922822906,114.08451009435245,22.54208551237641
20201124HQB040,113.966489301373,22.5729104015201,113.95504442125707,22.570058161603917
20201124HQB041,114.076919380024,22.5562626041795,114.06524550129696,22.55325491022177
20201124HQB045,114.109077653886,22.5637415721619,114.09750047416763,22.560213063062147
20201124HQB046,113.852581997811,22.6115645145805,113.84108543235352,22.60862071786426
20201124HQB047,113.905612948932,22.5814866403565,113.89426592558483,22.578349720150957
20201124HQB050,114.148016173693,22.6083437996468,114.13647230206304,22.604905058942578
20201124HQB051,114.074512320367,22.5545216869231,114.06283772782858,22.5515375327105
20201124HQB053,114.076597161115,22.5431626598688,114.0649324610591,22.540160934325993
20201124HQB058,114.097039967048,22.544987349339,114.08543190224023,22.541663864545622
20201124HQB062,113.901248902679,22.5789825075877,113.88991183745084,22.57578495416844
20201127BAXC001,113.899281046742,22.5943636227066,113.88793831848977,22.591138944395723
20201127BAXC002,113.899281046742,22.5943636227066,113.88793831848977,22.591138944395723
20201129CTC001,114.068999358139,22.5664269112188,114.05731181666778,22.56347429428764
20201129CTC003,114.068999358139,22.5664269112188,114.05731181666778,22.56347429428764
20201129CTC004,114.068999358139,22.5664269112188,114.05731181666778,22.56347429428764
20201129CTC005,114.068999358139,22.5664269112188,114.05731181666778,22.56347429428764
20201129CTC006,114.068999358139,22.5664269112188,114.05731181666778,22.56347429428764
20201129CTC007,114.068999358139,22.5664269112188,114.05731181666778,22.56347429428764
20201129CTC008,114.068999358139,22.5664269112188,114.05731181666778,22.56347429428764
20201129CTC009,114.068999358139,22.5664269112188,114.05731181666778,22.56347429428764
20201129CTC010,114.068999358139,22.5664269112188,114.05731181666778,22.56347429428764
20201129CTC011,114.068999358139,22.5664269112188,114.05731181666778,22.56347429428764
20201129CTC012,114.068999358139,22.5664269112188,114.05731181666778,22.56347429428764
20201129HGC004,114.063615739596,22.5203700997625,114.05195121523624,22.517431103191843
20201129HGC005,114.076597161115,22.5431626598688,114.0649324610591,22.540160934325993
20201129HGC006,114.076080938685,22.5294636296151,114.06441682154744,22.526467865057594
20201129HGC008,114.063615739596,22.5203700997625,114.05195121523624,22.517431103191843
20201129HGC009,114.076597161115,22.5431626598688,114.0649324610591,22.540160934325993
20201129HGC011,114.063615739596,22.5203700997625,114.05195121523624,22.517431103191843
20201129HGC027,114.076597161115,22.5431626598688,114.0649324610591,22.540160934325993
20201129HGC028,114.070097833137,22.5233737860278,114.05842871126924,22.52042217279208
20201129HGC029,114.063615739596,22.5203700997625,114.05195121523624,22.517431103191843
20201129HGC030,114.076597161115,22.5431626598688,114.0649324610591,22.540160934325993
20201129HGC031,114.076080938685,22.5294636296151,114.06441682154744,22.526467865057594
20201129HGC032,114.060435058213,22.5413412755521,114.04878119602385,22.53839508823806
20201129HGC033,114.068702951224,22.5330388961897,114.05703764894535,22.53009360390878
20201129HGC035,114.060435058213,22.5413412755521,114.04878119602385,22.53839508823806
20201129HGC036,114.071745232685,22.6684638055552,114.06006619974279,22.665484409374503
20201129HZRYF001,114.13620379053,22.5591173665409,114.12468991418696,22.555520417302347
20201129HZRYF002,114.13620379053,22.5591173665409,114.12468991418696,22.555520417302347
20201129HZZX002,114.128217713958,22.5670118231973,114.11668868559114,22.563362098261507
20201129HZZX003,114.132786924865,22.5487054997733,114.12128047061267,22.545082190418785
20201129HZZX004,114.054949161701,22.551934472949,114.04330543616872,22.54895394103512
20201129HZZX005,114.057744102443,22.549670410768,114.0460929635758,22.546709954528506
20201129HZZX006,114.076919380024,22.5562626041795,114.06524550129696,22.55325491022177
20201129HZZX009,114.070759809407,22.5243227685238,114.05909107950518,22.52136780971719
20201129HZZX010,114.058658974769,22.5392553184208,114.0470104010537,22.536301472242368
20201129HZZX011,113.919214082298,22.5439328588018,113.90786242714466,22.541035869284556
20201129HZZX012,114.11836957931,22.5705973576323,114.10681575396711,22.566968185339217
20201129HZZX013,114.122971037258,22.5995531655595,114.11141227755144,22.59589612472691
20201129HZZX014,113.969263149642,22.5984522539666,113.95780769773077,22.59554319971223
20201129HZZX015,114.143131926391,22.5606332877812,114.13161560492067,22.55712359086934
20201129HZZX016,114.057606872376,22.5310293186597,114.0459615586433,22.52806991710795
20201129HZZX017,114.078388332809,22.551420613143,114.06672079107642,22.54839778280682
20201129HZZX018,114.061659855429,22.5292431902161,114.05000353930947,22.526301388217313
20201129HZZX019,114.051633729637,22.6364804400331,114.03999419628447,22.633457996092044
20201129HZZX020,113.921090952977,22.5161980881814,113.90972684592737,22.513332693119537
20201129HZZX021,114.053978077518,22.5518714881585,114.04233795117074,22.548882785807802
20201129HZZX022,114.125230693092,22.5522040421704,114.11371173796036,22.54855500345696
20201129HZZX026,113.918332995082,22.526154808668,113.90698449956307,22.523243280957715
20201129HZZX029,114.060574035715,22.5391212606646,114.04892048762932,22.536175800985955
20201129HZZX030,114.053978077518,22.5518714881585,114.04233795117074,22.548882785807802
20201129HZZX031,114.077961167127,22.5394926400562,114.06629952505715,22.536476592981618
20201129HZZX032,113.929304706493,22.4934457193593,113.91789341087126,22.490701051825
20201129HZZX034,114.030946980085,22.5562844866419,114.01942089830692,22.552982848063913
20201129HZZX035,114.074512320367,22.5545216869231,114.06283772782858,22.5515375327105
20201129HZZX036,113.957916335228,22.5768173760974,113.94646017160846,22.57409487059826
20201129HZZX037,114.076220042515,22.5361206533975,114.06455675936859,22.533123415954723
20201129HZZX038,113.942737582825,22.5051121716395,113.9313041776678,22.502475987690616
20201129HZZX040,114.149580917487,22.5832238355248,114.13803750606502,22.579816595924836
20201129HZZX041,114.077465329564,22.552478618245,114.06579558947143,22.54946597043808
20201129HZZX043,113.966489301373,22.5729104015201,113.95504442125707,22.570058161603917
20201129HZZX044,114.057744102443,22.549670410768,114.0460929635758,22.546709954528506
20201129HZZX045,114.03891995671,22.5256198470891,114.02735785319834,22.5224412076564
20201129HZZX046,114.020244340671,22.6457852296149,114.00877673128252,22.64234455211163
20201129HZZX047,114.078338112456,22.5363166354582,114.06667756570894,22.53329650687998
20201129LHEC001,114.076919380024,22.5562626041795,114.06524550129696,22.55325491022177
20201129LHEC002,114.076919380024,22.5562626041795,114.06524550129696,22.55325491022177
20201129LHEC009,114.076919380024,22.5562626041795,114.06524550129696,22.55325491022177
20201129LHEC014,114.076919380024,22.5562626041795,114.06524550129696,22.55325491022177
20201129LHEC015,114.076919380024,22.5562626041795,114.06524550129696,22.55325491022177
20201129LHEC016,114.076919380024,22.5562626041795,114.06524550129696,22.55325491022177
20201129LHEC017,114.076919380024,22.5562626041795,114.06524550129696,22.55325491022177
20201129LHEC019,114.076919380024,22.5562626041795,114.06524550129696,22.55325491022177
20201129LHEC020,114.076919380024,22.5562626041795,114.06524550129696,22.55325491022177
20201129LHEC023,114.076919380024,22.5562626041795,114.06524550129696,22.55325491022177
20201129LHEC024,114.076919380024,22.5562626041795,114.06524550129696,22.55325491022177
20201129ZZHF001,113.911098905716,22.5799588865871,113.89973930195744,22.576911397690264
20201129ZZHF002,113.911098905716,22.5799588865871,113.89973930195744,22.576911397690264
20201129ZZHF003,113.911098905716,22.5799588865871,113.89973930195744,22.576911397690264
20201129ZZHF004,113.911098905716,22.5799588865871,113.89973930195744,22.576911397690264
20201130CTC013,114.068999358139,22.5664269112188,114.05731181666778,22.56347429428764
20201130CTC014,114.068999358139,22.5664269112188,114.05731181666778,22.56347429428764
20201130CTC015,114.068999358139,22.5664269112188,114.05731181666778,22.56347429428764
20201130CTC017,114.068999358139,22.5664269112188,114.05731181666778,22.56347429428764
20201130CTC018,114.068999358139,22.5664269112188,114.05731181666778,22.56347429428764
20201130CTC019,114.068999358139,22.5664269112188,114.05731181666778,22.56347429428764
20201130CTC020,114.068999358139,22.5664269112188,114.05731181666778,22.56347429428764
20201130CTC021,114.068999358139,22.5664269112188,114.05731181666778,22.56347429428764
20201130CTC022,114.068999358139,22.5664269112188,114.05731181666778,22.56347429428764
20201130CTC023,114.068999358139,22.5664269112188,114.05731181666778,22.56347429428764
20201130CTC024,114.068999358139,22.5664269112188,114.05731181666778,22.56347429428764
20201130CTC025,114.068999358139,22.5664269112188,114.05731181666778,22.56347429428764
20201130CTC026,114.068999358139,22.5664269112188,114.05731181666778,22.56347429428764
20201130HGC012,114.076597161115,22.5431626598688,114.0649324610591,22.540160934325993
20201130HGC013,114.076080938685,22.5294636296151,114.06441682154744,22.526467865057594
20201130HGC015,114.076080938685,22.5294636296151,114.06441682154744,22.526467865057594
20201130HGC016,114.076080938685,22.5294636296151,114.06441682154744,22.526467865057594
20201130HGC017,114.076597161115,22.5431626598688,114.0649324610591,22.540160934325993
20201130HGC018,114.076080938685,22.5294636296151,114.06441682154744,22.526467865057594
20201130HGC019,114.076597161115,22.5431626598688,114.0649324610591,22.540160934325993
20201130HGC022,114.068106936793,22.5329679236024,114.0564420120352,22.53002464852679
20201130HGC023,114.076080938685,22.5294636296151,114.06441682154744,22.526467865057594
20201130HGC024,114.070097833137,22.5233737860278,114.05842871126924,22.52042217279208
20201130HGC025,114.076597161115,22.5431626598688,114.0649324610591,22.540160934325993
20201130HGC026,114.076597161115,22.5431626598688,114.0649324610591,22.540160934325993
20201130LHEC025,114.076919380024,22.5562626041795,114.06524550129696,22.55325491022177
20201130LHEC026,114.076919380024,22.5562626041795,114.06524550129696,22.55325491022177
20201130LHEC028,114.076919380024,22.5562626041795,114.06524550129696,22.55325491022177
20201130LHEC029,114.076919380024,22.5562626041795,114.06524550129696,22.55325491022177
20201130LHEC030,114.076919380024,22.5562626041795,114.06524550129696,22.55325491022177
20201130LHEC032,114.076919380024,22.5562626041795,114.06524550129696,22.55325491022177
20201130LHEC033,114.076919380024,22.5562626041795,114.06524550129696,22.55325491022177
20201130LHEC034,114.076919380024,22.5562626041795,114.06524550129696,22.55325491022177
20201201BTJD001,114.08078487447,22.6206032842851,114.06909784382766,22.61753881711121
20201201BTJD002,114.077261801369,22.6281664190293,114.06557612772095,22.625144697372015
20201201BTJD003,114.076544850417,22.6284324410906,114.06485854831186,22.62541827249973
20201201BTJD004,114.08078487447,22.6206032842851,114.06909784382766,22.61753881711121
20201201BTJD005,114.087008963795,22.6330505734384,114.07534930084483,22.629892985268004
20201201BTJD006,114.060816606446,22.6299762613265,114.04914101800514,22.62701826144732
20201201BTJD007,114.060816606446,22.6299762613265,114.04914101800514,22.62701826144732
20201201BTJD008,114.07622383695,22.6206473822395,114.06452979070447,22.61763618851929
20201201BTJD009,114.07622383695,22.6206473822395,114.06452979070447,22.61763618851929
20201201BTJD010,114.079556868164,22.626384353464,114.06787300822673,22.62333587965949
20201201BTJD011,114.08013088218,22.6230373113241,114.06844486463595,22.619981461903137
20201201BTJD012,114.063773656438,22.6200171292802,114.05208264367067,22.617064904289133
20201201BTJD014,114.076590830542,22.6383145322338,114.06491320298441,22.635299988687198
20201201BTJD016,114.076544850417,22.6284324410906,114.06485854831186,22.62541827249973
20201201BTJD017,114.075293804821,22.6317775078334,114.06360934370218,22.628775639908397
20201201BTJD018,114.075293804821,22.6317775078334,114.06360934370218,22.628775639908397
20201201BTJD019,114.087488034468,22.6575948230061,114.07584065062474,22.65442707296517
20201201BTJD021,114.073459006785,22.6502736958427,114.06178489654393,22.647286596335203
20201201BTJD022,114.072804754231,22.6254055657061,114.06111272560399,22.62242406085976
20201201BTJD023,114.067866729457,22.6188138394132,114.05616957455875,22.61585720739483
20201201BTJD024,114.041003051694,22.6649359862376,114.02942102815057,22.66177113313394
20201201BTJD025,114.073459006785,22.6502736958427,114.06178489654393,22.647286596335203
20201201BTJD026,114.073459006785,22.6502736958427,114.06178489654393,22.647286596335203
20201201BTJD028,114.061389647086,22.6361262034249,114.04971818033133,22.6331700588906
20201201BTJD029,114.06411662632,22.6301510806248,114.05243461482593,22.627199406115302
20201201BTJD030,114.069824706551,22.6248627223102,114.05813210870761,22.621898908458753
20201201BTJD031,114.069824706551,22.6248627223102,114.05813210870761,22.621898908458753
20201201BTJD032,114.069603719905,22.6296487492287,114.05791575959155,22.626686097318334
20201201BTJD034,114.066761684476,22.6264869194518,114.05507269508024,22.62353321508358
20201201BTJD035,114.066761684476,22.6264869194518,114.05507269508024,22.62353321508358
20201201BTJD036,114.064716717399,22.6386490383021,114.0530410149606,22.635697515144493
20201201BTJD037,114.064716717399,22.6386490383021,114.0530410149606,22.635697515144493
20201201BTJD039,114.077605898436,22.6381715128563,114.06592945274744,22.635146141502148
20201201BTJD041,114.068952668701,22.6306257955122,114.05726591016389,22.627665877038133
20201201BTJD044,114.06411662632,22.6301510806248,114.05243461482593,22.627199406115302
20201201BTJD045,114.084255906313,22.6254443700587,114.07258140810575,22.622330436519796
20201201BTJD046,114.084255906313,22.6254443700587,114.07258140810575,22.622330436519796
20201201BTJD047,114.084255906313,22.6254443700587,114.07258140810575,22.622330436519796
20201201BTJD048,114.114789079094,22.6359197186861,114.10323477106914,22.632314417603506
20201201BTJD050,114.066320651253,22.6240419439304,114.05462979648703,22.621088907772037
20201201BTJD051,114.244177922382,22.7127600919297,114.23288240302627,22.709250952723927
20201201BTJD052,114.244177922382,22.7127600919297,114.23288240302627,22.709250952723927
20201201BTJD053,114.055846123472,22.670021450892,114.04419266965614,22.66703075660884
20201201BTJD054,114.048930908367,22.6521813037808,114.03731114958954,22.649127480266127
20201201BTJD055,114.077261801369,22.6281664190293,114.06557612772095,22.625144697372015
20201201BTJD056,114.068999358139,22.5664269112188,114.05731181666778,22.56347429428764
20201201BTJD057,114.069603719905,22.6296487492287,114.05791575959155,22.626686097318334
20201220LLJY001,114.002416911755,22.5928331633895,113.99097647667566,22.589370443297437
20201220LLJY002,114.002416911755,22.5928331633895,113.99097647667566,22.589370443297437
20201220LLJY004,114.002416911755,22.5928331633895,113.99097647667566,22.589370443297437
20201220LLJY007,114.002416911755,22.5928331633895,113.99097647667566,22.589370443297437
20201220LLJY008,114.002416911755,22.5928331633895,113.99097647667566,22.589370443297437
20201220LLJY009,114.002416911755,22.5928331633895,113.99097647667566,22.589370443297437
20201220LLJY010,114.002416911755,22.5928331633895,113.99097647667566,22.589370443297437
20201220LLJY011,114.002416911755,22.5928331633895,113.99097647667566,22.589370443297437
20201220LLJY015,114.002416911755,22.5928331633895,113.99097647667566,22.589370443297437
20201220LLJY016,114.002416911755,22.5928331633895,113.99097647667566,22.589370443297437
20201220LLJY017,114.002416911755,22.5928331633895,113.99097647667566,22.589370443297437
20201220LLJY018,114.002416911755,22.5928331633895,113.99097647667566,22.589370443297437
20201220LLJY019,114.002416911755,22.5928331633895,113.99097647667566,22.589370443297437
20201220LLJY020,114.002416911755,22.5928331633895,113.99097647667566,22.589370443297437
20201220LLJY021,114.002416911755,22.5928331633895,113.99097647667566,22.589370443297437
20201220LLJY022,114.002416911755,22.5928331633895,113.99097647667566,22.589370443297437
20201220LLJY023,114.002416911755,22.5928331633895,113.99097647667566,22.589370443297437
20201220LLJY024,114.002416911755,22.5928331633895,113.99097647667566,22.589370443297437
20201220LLJY025,114.002416911755,22.5928331633895,113.99097647667566,22.589370443297437
20201220LLJY026,114.002416911755,22.5928331633895,113.99097647667566,22.589370443297437
20201220LLJY027,114.002416911755,22.5928331633895,113.99097647667566,22.589370443297437
20201220LLJY028,114.002416911755,22.5928331633895,113.99097647667566,22.589370443297437
20201220LLJY029,114.002416911755,22.5928331633895,113.99097647667566,22.589370443297437
20201221BAZXQ002,113.897563848395,22.5666913963662,113.88624324068437,22.563454799488603
20201221BAZXQ003,113.895751897823,22.5558433621279,113.88444364883652,22.552592467580077
20201221BAZXQ004,113.896940850445,22.5590923423427,113.88562879433181,22.55585167790248
20201221BAZXQ005,113.894860820618,22.5688524956055,113.88353915775323,22.5655903618532
20201221BAZXQ006,113.896940850445,22.5590923423427,113.88562879433181,22.55585167790248
20201221BAZXQ007,113.893675800376,22.5638215049814,113.88235968518883,22.560551768778552
20201221BAZXQ008,113.90687194936,22.5627123994443,113.8955408521719,22.559600265363102
20201221BAZXQ009,113.896674854816,22.5650564032174,113.88535661569418,22.561811473533304
20201221BAZXQ010,113.904411013767,22.5955687080253,113.89306021252074,22.59241114247506
20201221BAZXQ012,113.90281995959,22.5797985396743,113.89147971450959,22.576621610356987
20201221BAZXQ013,113.897563848395,22.5666913963662,113.88624324068437,22.563454799488603
20201221BAZXQ014,113.988290652152,22.5661905284404,113.97687898191018,22.562912755795278
20201221BAZXQ015,113.884937599421,22.5661600299448,113.87361003043947,22.562860130048577
20201221BAZXQ016,113.898866930096,22.556541263785,113.8875558398899,22.55332148556796
20201221BAZXQ017,113.901559838952,22.5652683401686,113.89023625015153,22.562078731061263
20201221BAZXQ018,114.044018971424,22.5724855602268,114.03240293497464,22.569374268466333
20201221BAZXQ019,113.874173755825,22.5858413654446,113.8627943656079,22.582591599253465
20201221BAZXQ021,113.905479924243,22.5657584044258,113.89414863628001,22.562623909799182
20201221BAZXQ022,113.879432723014,22.5854182663694,113.86807312555996,22.582129383045466
20201221BAZXQ023,113.989676783009,22.5431228279153,113.97828552875319,22.539826648678275
20201221BAZXQ024,113.876791651609,22.5773183703306,113.86542914482786,22.57404849472379
20201221BAZXQ025,113.895481771394,22.5604914051979,113.88416896309897,22.55723690971745
20201221BAZXQ026,113.880801552686,22.5684742593201,113.86946132751633,22.56518344318139
20201221BAZXQ027,113.987625728491,22.5654045331667,113.97621455671752,22.562138742361718
20201221BAZXQ028,113.871552746595,22.5834493795651,113.86016323358918,22.580227344801777
20201221BAZXQ029,113.901559838952,22.5652683401686,113.89023625015153,22.562078731061263
20201221BAZXQ031,113.910586968004,22.567695661114,113.89924092738671,22.564642947867178
20201221BAZXQ032,113.901559838952,22.5652683401686,113.89023625015153,22.562078731061263
20201222KJY001,113.951112204021,22.5480938266997,113.9396841093835,22.54544181277216
20201222KJY002,113.951112204021,22.5480938266997,113.9396841093835,22.54544181277216
20201222KJY003,113.962141316569,22.5548985772635,113.95071069622941,22.5521238936815
20201222KJY004,113.950067221978,22.5469388713497,113.93864040335393,22.544292957858104
20201222KJY005,113.950067221978,22.5469388713497,113.93864040335393,22.544292957858104
20201222KJY007,113.976461957563,22.5464562965166,113.96505612903918,22.54341508194704
20201222KJY009,113.935240149735,22.5559885144066,113.92382981588155,22.553311277423898
20201222KJY010,113.951257267027,22.5466168218015,113.93983005754119,22.54396417202002
20201222KJY011,114.052549117743,22.5612405933468,114.04090552138635,22.55823626680466
20201222KJY012,113.933435154784,22.5526674947414,113.92203258890827,22.549973941956377
20201222KJY013,114.002416911755,22.5928331633895,113.99097647667566,22.589370443297437
20201222KJY014,114.068999358139,22.5664269112188,114.05731181666778,22.56347429428764
20201222KJY015,113.951257267027,22.5466168218015,113.93983005754119,22.54396417202002
20201222KJY016,113.962781247186,22.5530586074396,113.951352853858,22.55027441208334
20201222KJY017,113.959968302783,22.5493956106853,113.94854056411631,22.546653816725474
20201222KJY018,113.988290652152,22.5661905284404,113.97687898191018,22.562912755795278
20201222KJY019,113.972260018732,22.5395410844451,113.9608511996063,22.536586395663008
20201222KJY020,113.933400659222,22.5165684280144,113.92199825190698,22.51387584985964
20201222KJY021,113.95880424318,22.5479986250545,113.94737677491464,22.545272630953956
20201222KJY022,113.955560297834,22.5528246633813,113.94412797895515,22.55013520091513
20201222KJY023,113.997970946031,22.5967343282966,113.98653611624842,22.593310249492802
20201222KJY024,114.044018971424,22.5724855602268,114.03240293497464,22.569374268466333
bh20210309cgm001,113.972166147544,22.5884154243402,113.96071675506789,22.585451027572418
blq20210228hyjy001,113.931924657005,22.4916237332798,113.92050428848646,22.488910807246526
blq20210228nsxq002,113.92952763344,22.4949887044692,113.91811684912683,22.492247200171928
blq20210228nsxq003,113.92952763344,22.4949887044692,113.91811684912683,22.492247200171928
blq20210228nsxq004,113.92952763344,22.4949887044692,113.91811684912683,22.492247200171928
clf20210228hyjy001,113.931924657005,22.4916237332798,113.92050428848646,22.488910807246526
clf20210228hyjy004,113.933632697215,22.4914907034804,113.92220748633542,22.488796016040904
clf20210228hyjy006,113.936950619911,22.4943455526907,113.92551909911876,22.49168020081165
clf20210228hyjy007,113.936874640673,22.5088354263545,113.92545648381498,22.506172211896633
clf20210228kjy008,113.941976283356,22.5608323256978,113.93054661049136,22.558192927281464
clf20210301hzzx004,114.060859022846,22.5420222606898,114.0492038950714,22.5390774774529
clf20210301nszxq001,113.863104833337,22.5785101678551,113.85167489889923,22.575403291094613
clf20210301nszxq002,113.937419634341,22.5188013487696,113.9260088348551,22.516143631763764
clf20210301nszxq003,113.937419634341,22.5188013487696,113.9260088348551,22.516143631763764
clf20210301nszxq005,113.957059361143,22.5802933797602,113.94559981105934,22.577580089099126
cyr20210228hyjy001,113.934520560613,22.4990615925871,113.92309903208134,22.496376817780753
dfj20210328kjy001,114.069814171065,22.6651108789917,114.05813740312287,22.662143148568124
dfj20210328sjhc001,114.06411662632,22.6301510806248,114.05243461482593,22.627199406115302
dfj20210328sjhc002,114.06411662632,22.6301510806248,114.05243461482593,22.627199406115302
dfj20210329cgm001,114.041894934905,22.5245190395595,114.03031596833189,22.521384833007172
dfj20210329cgm002,113.903297927969,22.5679173896419,113.89196858768962,22.56475046105757
dfj20210426hyjy001,113.931924657005,22.4916237332798,113.92050428848646,22.488910807246526
dfj20210426nsxq001,113.929304706493,22.4934457193593,113.91789341087126,22.490701051825
fyn20210314hzryf001,114.13620379053,22.5591173665409,114.12468991418696,22.555520417302347
fyn20210314hzryf002,114.13620379053,22.5591173665409,114.12468991418696,22.555520417302347
fyn20210314hzryf003,114.140530898293,22.5574362429565,114.12901880084493,22.553890327189524
fyn20210321bazxq003,113.894397128967,22.598508703598,113.88305718735295,22.595236249909597
fyn20210321nszxq001,114.114789079094,22.6359197186861,114.10323477106914,22.632314417603506
fyn20210321zzhf002,114.122160325354,22.6313993482097,114.11062255693813,22.62774472776066
fyn20210328hkc001,114.069603719905,22.6296487492287,114.05791575959155,22.626686097318334
fyn20210328sjhc002,114.059222560548,22.6272073534854,114.0475483887614,22.62424284311287
fyn20210328sjhc003,114.059222560548,22.6272073534854,114.0475483887614,22.62424284311287
fyn20210328sjhc004,114.059222560548,22.6272073534854,114.0475483887614,22.62424284311287
fyn20210411chhy003,114.139259859355,22.5633033246881,114.12774184335329,22.559739402124304
fyn20210411hzryf001,114.139259859355,22.5633033246881,114.12774184335329,22.559739402124304
fyn20210411hzryf002,114.139259859355,22.5633033246881,114.12774184335329,22.559739402124304
gy20210301hzzx001,114.070566382653,22.6879548084875,114.05886846242242,22.68497434467706
hj20210228nszx001,113.94009492731,22.5318222505887,113.92868452830275,22.529180682611727
hj20210228nszx002,114.028765073513,22.6625672464124,114.01725337513705,22.659221346789202
hj20210228nszx003,114.028765073513,22.6625672464124,114.01725337513705,22.659221346789202
hj20210228nszx004,113.936810755235,22.5268923379595,113.92540608211536,22.524231013528976
hj20210301nszx001,113.935053701505,22.5228243770932,113.92365133046393,22.520148382896284
hj20210301nszx002,113.933128842716,22.5274603693817,113.92173384452798,22.524766080732817
hj20210301nszx003,113.933128842716,22.5274603693817,113.92173384452798,22.524766080732817
hj20210303kjy001,113.913677954851,22.5696798801519,113.90232073445989,22.56667986802081
hj20210303kjy002,113.96359128386,22.5523406275589,113.95216428939018,22.549543622218458
hj20210303kjy003,114.030054217946,22.6432803761473,114.01853348161079,22.639955594456538
hj20210303kjy004,113.968884188132,22.5752124369311,113.95744006717345,22.572315353412613
hj20210303kjy005,113.973661069618,22.5909874890564,113.96221279885835,22.587992469202995
hj20210307lxhy001,113.901902999382,22.5884666086395,113.89055858453794,22.585275331803064
hj20210307lxhy002,113.909243942713,22.5868948634817,113.8978846432476,22.583814514276614
hj20210307lxhy003,113.9086799569,22.5873728371159,113.89732187436421,22.584283089936193
hj20210307zzhf001,113.911098905716,22.5799588865871,113.89973930195744,22.576911397690264
hj20210314hzryf001,114.13620379053,22.5591173665409,114.12468991418696,22.555520417302347
hj20210314hzryf002,114.13620379053,22.5591173665409,114.12468991418696,22.555520417302347
hj20210314hzryf003,114.13620379053,22.5591173665409,114.12468991418696,22.555520417302347
hj20210314hzryf004,114.13620379053,22.5591173665409,114.12468991418696,22.555520417302347
hj20210314hzryf005,114.13620379053,22.5591173665409,114.12468991418696,22.555520417302347
hj20210328hkc001,114.069603719905,22.6296487492287,114.05791575959155,22.626686097318334
hj20210328hkc002,114.069603719905,22.6296487492287,114.05791575959155,22.626686097318334
hj20210328hkc003,114.069603719905,22.6296487492287,114.05791575959155,22.626686097318334
hj20210328hkc004,114.069603719905,22.6296487492287,114.05791575959155,22.626686097318334
hj20210328hkc005,114.069603719905,22.6296487492287,114.05791575959155,22.626686097318334
hj20210328hkc006,114.069603719905,22.6296487492287,114.05791575959155,22.626686097318334
hj20210330cgm001,114.040421985919,22.5285449172009,114.0288527251429,22.52538908208996
hj20210330cgm002,114.039662009414,22.5346458552797,114.02809796511133,22.53147859712823
hj20210330cgm003,114.039388039963,22.5266978682196,114.02782380572029,22.523526384588934
hj20210418baxc001,113.899281046742,22.5943636227066,113.88793831848977,22.591138944395723
hj20210418baxc002,113.902042022562,22.5894466136971,113.89069696560884,22.586256986879466
hj20210418baxc003,113.900676058181,22.5908776125229,113.88933247515638,22.587670170559687
hj20210426nsxq001,113.929304706493,22.4934457193593,113.91789341087126,22.490701051825
hj20210426nsxq002,113.929304706493,22.4934457193593,113.91789341087126,22.490701051825
hj20210512hyjy001,113.931924657005,22.4916237332798,113.92050428848646,22.488910807246526
hj20210512hyjy002,113.931924657005,22.4916237332798,113.92050428848646,22.488910807246526
hjw20210301nszxq001,113.936045680931,22.4925926115495,113.92461501947983,22.48992000191826
hjw20210301nszxq002,113.938236617184,22.5098053700998,113.92681627674745,22.507151569637454
hjw20210302hyjy001,113.931924657005,22.4916237332798,113.92050428848646,22.488910807246526
hjw20210302nsxq001,113.929304706493,22.4934457193593,113.91789341087126,22.490701051825
hjw20210302nsxq002,113.938152575937,22.4962064813877,113.92671981463059,22.493549609237498
hjw20210307kjy001,113.952705418793,22.5729246534264,113.94125242363602,22.570255130401854
hjw20210307kjy002,113.949015330738,22.5555769287236,113.93758232832775,22.55293403475734
hjw20210308kjy001,113.961341403026,22.5717683666843,113.94989242102184,22.569001009158903
hjw20210308kjy002,113.946343109019,22.5880360402674,113.93488231059594,22.58539197774645
hjw20210309cgm001,114.026546099057,22.5436961811804,114.0150537238378,22.540337226732486
hjw20210309cgm002,114.048540862469,22.5252173107098,114.03692873817549,22.52217337063936
hjw20210309cgm003,114.020020018842,22.54817018892,114.00855845423109,22.54473993567877
hjw20210309cgm004,114.033287077278,22.53121946534,114.02175873515633,22.527955538171692
hjw20210309cgm005,114.048221780821,22.5253233091471,114.03661119281179,22.522275474521702
hjw20210309cgm006,114.050328021861,22.5470314079799,114.03870625683874,22.544007160635175
hjw20210309cgm007,114.143709874329,22.5668173782076,114.13218656881706,22.56331473560506
hjw20210309cgm008,114.08013088218,22.6230373113241,114.06844486463595,22.619981461903137
hst20210307zzhf001,113.911098905716,22.5799588865871,113.89973930195744,22.576911397690264
hst20210314cgm001,114.031907103749,22.5398113830519,114.02038628505677,22.53652665993007
hst20210314cgm002,114.032433148538,22.5239574820195,114.02090697855196,22.520680548976255
hst20210314hzzx001,114.065907873619,22.5273460026767,114.05424371963208,22.524407319040968
hst20210314kjy001,113.94407007383,22.5406451292323,113.93265223318978,22.538013447523813
hst20210321kjy001,114.047471735837,22.6130007106573,114.03582993237069,22.609929563642325
hx20210302nsxq001,113.929304706493,22.4934457193593,113.91789341087126,22.490701051825
hym20210321lxhy001,113.904832002124,22.5843006457363,113.89348461324722,22.58115133844434
hym20210328hkc001,114.061389647086,22.6361262034249,114.04971818033133,22.6331700588906
hym20210328hkc002,114.06743967383,22.6221928731478,114.05574595758512,22.619237511697957
hym20210411chhy002,114.135480755011,22.5683274688467,114.1239567420755,22.564720910127182
hym20210411chhy003,114.13543578148,22.5699204809858,114.1239100347173,22.566313033448736
hym20210411hzryf004,114.136779806716,22.5674914136288,114.12525708512918,22.563897921749515
hym20210418bazxq001,113.891818735724,22.577700681697,113.88048777214763,22.574415056442064
hyt20210314chhy001,114.131702771048,22.5562815780368,114.1201890600644,22.5526496191462
hyt20210314chhy002,114.131702771048,22.5562815780368,114.1201890600644,22.5526496191462
hyt20210314chhy003,114.129234730547,22.5596037484667,114.11771502391024,22.55595925385439
hyt20210314chhy004,114.131702771048,22.5562815780368,114.1201890600644,22.5526496191462
hyt20210314chhy005,114.129234730547,22.5596037484667,114.11771502391024,22.55595925385439
hyt20210314hzryf006,114.134401749352,22.5606414551564,114.1228855600524,22.55702759014823
hyt20210321baxc005,113.901256932927,22.5866475881676,113.88991440229287,22.583448291850033
hyt20210321lbaxc003,113.901434041123,22.589496604797,113.89008989661423,22.58629901155395
hyt20210321lxhy001,113.905612948932,22.5814866403565,113.89426592558483,22.578349720150957
hyt20210321lxhy002,113.90758792887,22.5874767847782,113.89623252282644,22.584369317364693
hyt20210321lxhy004,113.899281046742,22.5943636227066,113.88793831848977,22.591138944395723
hyt20210322bazxq001,114.011540975896,22.5418595880561,114.00011772884213,22.538385336310263
hyt20210322hzzx002,114.127416939235,22.542399903616,114.11590786019345,22.5387541742328
hyt20210323kjy001,113.919076982233,22.5316938246043,113.90772773116579,22.528795353241748
hyt20210323kjy003,113.884578590788,22.5686420474064,113.87324759560424,22.56534165977405
hyt20210323kjy004,114.244642706461,22.5590520616171,114.23338352182536,22.555574573825144
hyt20210323kjy005,113.863104833337,22.5785101678551,113.85167489889923,22.575403291094613
hyt20210323kjy007,113.95880424318,22.5479986250545,113.94737677491464,22.545272630953956
hyt20210323kjy008,113.897268031937,22.5941316330777,113.88592713434656,22.59088532061296
hyt20210323kjy009,113.934215777946,22.5263053745337,113.92281737314484,22.523621902196147
hyt20210323kjy010,113.875835757645,22.5815283680794,113.86446604701653,22.57826490142503
hyt20210323kjy011,113.873055718136,22.5826473910457,113.86167359487357,22.579409389408408
hyt20210323nszxq002,113.957114252643,22.5894703064431,113.9456489910509,22.586754321115116
hyt20210323nszxq006,113.899852396444,22.4972085528014,113.88852577294203,22.493998842093692
hyt20210328cgm007,114.061435736641,22.6039113657245,114.04973851802445,22.60095501078113
hyt20210328hkc001,114.069603719905,22.6296487492287,114.05791575959155,22.626686097318334
hyt20210328hkc004,114.069747758337,22.6339017616378,114.05806361440261,22.63093853985539
hyt20210328hkc005,114.072775796056,22.6339816158044,114.061091738048,22.631000539335595
hyt20210328hkc006,114.067630654557,22.6309748687651,114.0559451052791,22.628019296719064
hyt20210328sjhc002,114.06411662632,22.6301510806248,114.05243461482593,22.627199406115302
hyt20210328sjhc003,114.068318735706,22.6318398287188,114.05663346828258,22.62888221131554
hyt20210329cgm001,114.014486015139,22.5437963949824,114.00305107597913,22.540330638073033
hyt20210329cgm002,114.158491061696,22.559833022629,114.14696181309253,22.556604095523884
hyt20210329cgm003,113.887272825211,22.588340932933,113.87593004315586,22.585036386040294
hyt20210329cgm004,113.956281257044,22.5887313511222,113.94481606007342,22.58602481534276
hyt20210329cgm005,114.076080938685,22.5294636296151,114.06441682154744,22.526467865057594
hyt20210329cgm006,114.05324870322,22.6084487418761,114.04157876959577,22.605441649638543
hyt20210329cgm007,114.032841111395,22.6310716963463,114.02129507243825,22.627787511686734
hyt20210329cgm008,114.039407952406,22.5259958752254,114.02784330491642,22.522824651364157
hyt20210329cgm009,113.906402948785,22.5707575077241,113.89506423063648,22.567635687120013
hyt20210329cgm010,113.933755915359,22.5920858173489,113.92231809342616,22.589385331318425
hyt20210330cgm001,114.048498887477,22.5302782903853,114.03688878758972,22.527234060594182
hyt20210330cgm002,114.049101086729,22.5525674365683,114.03748068522557,22.54952795751445
hyt20210411chhy001,114.131702771048,22.5562815780368,114.1201890600644,22.5526496191462
hyt20210411chhy003,114.131702771048,22.5562815780368,114.1201890600644,22.5526496191462
hyt20210411chhy004,114.131702771048,22.5562815780368,114.1201890600644,22.5526496191462
hyt20210411hzryf002,114.139259859355,22.5633033246881,114.12774184335329,22.559739402124304
hyt20210412chhy001,114.138109859568,22.565453368454,114.12658953124829,22.561875064160418
hyt20210412chhy002,114.131702771048,22.5562815780368,114.1201890600644,22.5526496191462
hyt20210418baxc002,113.900676058181,22.5908776125229,113.88933247515638,22.587670170559687
hyt20210418baxc003,113.900676058181,22.5908776125229,113.88933247515638,22.587670170559687
hyt20210418cgm001,113.986266687904,22.5679824479657,113.97485182948114,22.564740604843077
jhz20210228hyjy001,113.931924657005,22.4916237332798,113.92050428848646,22.488910807246526
jhz20210307lxhy001,113.904725983716,22.5880906705141,113.89337666683731,22.584938977349687
jhz20210307nszxq001,113.896101057012,22.5925706464939,113.88476114707835,22.589313391121664
jhz20210314chhy003,114.138916841261,22.5617763098045,114.12740049072947,22.558208613792836
jhz20210314hzryf002,114.139259859355,22.5633033246881,114.12774184335329,22.559739402124304
jhz20210411hzryf001,114.13620379053,22.5591173665409,114.12468991418696,22.555520417302347
lhq20210228nsxq001,113.920823819987,22.4866725429613,113.90943585886008,22.483797551556393
lhq20210228nsxq002,113.922802779749,22.4875296275911,113.91140865719413,22.48468759740971
lhq20210228nsxq003,113.925922743712,22.4916656919126,113.91452085806623,22.48887314114962
lhq20210228nsxq004,113.918525862618,22.4899683780977,113.90714734300676,22.487054451881097
lhq20210302nsxq001,113.922859833194,22.4877606274438,113.9114656421327,22.48491955576806
lhq20210323kjy001,113.901121958627,22.5812945336277,113.88978318041052,22.578094764087627
lhq20210323kjy002,113.947264258435,22.5830289834483,113.93580550437332,22.58038421498943
lhq20210418bazxq001,113.891115753243,22.556255613078,113.87980660020541,22.552972365048603
lk20210228nszxq001,114.056672239719,22.564748566556,114.04500992188343,22.561777470931855
lml20210321baxc004,113.946856295914,22.550828034555,113.93542931515682,22.548192874761508
lml20210321kjy003,113.891291858784,22.5857157508743,113.8799545696624,22.582425305099264
lml20210321kjy005,113.913677954851,22.5696798801519,113.90232073445989,22.56667986802081
lml20210321lxhy002,113.905612949708,22.5814876406113,113.8942659255892,22.57835072016699
lml20210321zzhf001,113.913100014299,22.5692898379873,113.90174496499283,22.566279866505756
lml20210328baxc004,113.899281046742,22.5943636227066,113.88793831848977,22.591138944395723
lml20210328gm002,114.128540633536,22.5698738082378,114.11700895776822,22.5662241146647
lml20210328hkc001,114.069603719905,22.6296487492287,114.05791575959155,22.626686097318334
lml20210328sjhc003,114.06411662632,22.6301510806248,114.05243461482593,22.627199406115302
lml20210411chhy001,114.138109859568,22.565453368454,114.12658953124829,22.561875064160418
lml20210411chhy003,114.132237731057,22.5696776099011,114.12071031305416,22.56604513823313
lml20210411hqb004,114.145205947229,22.5705544639835,114.13367769069446,22.567074532811652
lml20210411hzryf002,114.13147425798,22.6080798054677,114.11993168836597,22.60443573733592
lml20210418bazxq001,113.903297927969,22.5679173896419,113.89196858768962,22.56475046105757
lqy20210301nszxq001,114.041236993309,22.5264779786798,114.02966250531378,22.523334195232465
lqy20210301nszxq002,114.040656930265,22.5281499309599,114.02908624927875,22.524997595261528
lqy20210301nszxq003,114.092389995097,22.5385550904357,114.08076681248933,22.53531718435465
lqy20210301nszxq004,114.036759083639,22.5265477033681,114.0252095448105,22.523336202903344
lqy20210301nszxq005,114.041244994835,22.529869959898,114.02967162486011,22.52672642789336
lqy20210301nszxq006,114.038957997859,22.5274738329944,114.02739646398025,22.52429587580376
lqy20210301nszxq007,113.942490609906,22.5002702045598,113.93105304331841,22.497632576873958
lqy20210301nszxq008,113.935068626482,22.5138704338888,113.92365953338252,22.511193391818388
lqy20210302hqb001,114.106505704497,22.556429641278,114.09492630957368,22.55294102455393
lqy20210307baxc001,113.899281046742,22.5943636227066,113.88793831848977,22.591138944395723
lqy20210307lljy001,114.002992959713,22.5932951477631,113.99155136972993,22.589828573138337
lqy20210307lljy002,114.002416911755,22.5928331633895,113.99097647667566,22.589370443297437
lqy20210307lljy003,114.002416911755,22.5928331633895,113.99097647667566,22.589370443297437
lqy20210307lljy004,114.002416911755,22.5928331633895,113.99097647667566,22.589370443297437
lqy20210314lljy001,114.002416911755,22.5928331633895,113.99097647667566,22.589370443297437
lqy20210314nszxq001,113.937917617431,22.5145523516374,113.9265022795835,22.51189734652527
lqy20210314nszxq002,113.935068626482,22.5138704338888,113.92365953338252,22.511193391818388
lqy20210314nszxq003,113.935312648275,22.5140344229494,113.92390307731915,22.511359554046084
lqy20210314nszxq004,113.935312648275,22.5140344229494,113.92390307731915,22.511359554046084
lqy20210314nszxq005,113.935325632217,22.5138564267669,113.92391587290135,22.51118164175442
lqy20210314nszxq006,113.935325632217,22.5138564267669,113.92391587290135,22.51118164175442
lqy20210315hqb001,114.019876931977,22.5586262676841,114.00840703482491,22.555192377673684
lqy20210315hzzx001,114.058596979502,22.5372703110521,114.04694895597996,22.53431629734476
lqy20210315hzzx002,114.015987857551,22.5584973691568,114.00453544488933,22.555035904771913
lqy20210315hzzx003,114.057903876896,22.531961312606,114.04625783127074,22.529003667358193
lqy20210315hzzx004,114.077961167127,22.5394926400562,114.06629952505715,22.536476592981618
lqy20210315hzzx005,114.050966851952,22.533005346148,114.03934620657223,22.529989468067946
lqy20210315lhec001,114.076919380024,22.5562626041795,114.06524550129696,22.55325491022177
ls20210301nszxq001,113.931712627265,22.5065855454909,113.92030590149832,22.50387292347757
ls20210301nszxq002,113.937917617431,22.5145523516374,113.9265022795835,22.51189734652527
ls20210301nszxq003,113.952119828842,22.5249747102953,113.94069352175167,22.522317355663315
ls20210301nszxq004,113.93704160086,22.5129583908319,113.92562686771815,22.510297124902017
ls20210301nszxq005,113.89708334348,22.4982565836278,113.88576018426258,22.495016885000343
lxs20210321bazxq002,113.911481938618,22.5798719041216,113.90012131525442,22.57683098748797
lxs20210321hqb003,114.01819487468,22.5545382720467,114.00673668335992,22.551092026605453
lxs20210321lhec010,114.076919380024,22.5562626041795,114.06524550129696,22.55325491022177
lxs20210321lhec011,114.076919380024,22.5562626041795,114.06524550129696,22.55325491022177
lxs20210321lyj007,114.410662760442,22.7623533795121,114.39917692879526,22.759224832511624
lxs20210321lyj008,114.037668932279,22.6094113420141,114.02607669573774,22.606199751382988
lxs20210321nszxq005,113.859739911689,22.5800989619114,113.84828894364351,22.577044329927336
lxs20210322hqb013,114.15441604992,22.5552136767781,114.14289552890338,22.551906119602414
lxs20210322kjy004,113.91217413731,22.5410963978303,113.90084589962352,22.538076925500306
lxs20210322kjy009,113.923257855798,22.5238581175141,113.91189183467573,22.52102936144137
lxs20210322kjy014,113.92952763344,22.4949887044692,113.91811684912683,22.492247200171928
lxs20210322kjy017,113.923257855798,22.5238581175141,113.91189183467573,22.52102936144137
lxs20210328sjhc001,114.069164673046,22.626758768149,114.0574741515389,22.6237978940702
lxs20210328sjhc002,114.06411662632,22.6301510806248,114.05243461482593,22.627199406115302
lxs20210426hyjy001,113.931924657005,22.4916237332798,113.92050428848646,22.488910807246526
lxs20210426nsxq002,113.929304706493,22.4934457193593,113.91789341087126,22.490701051825
lyl20210301btjd001,114.151139090199,22.5516074328518,114.13962507928467,22.548237807938943
lyl20210307btjd002,114.089390941815,22.6388007724355,114.0777435095773,22.635602724007743
lyl20210307hqb001,114.112888650109,22.5601856184245,114.10132892235501,22.55660966299343
lyl20210321lxhy001,113.905612948932,22.5814866403565,113.89426592558483,22.578349720150957
qyf20210228nszxq001,113.933128842716,22.5274603693817,113.92173384452798,22.524766080732817
qyf20210228nszxq002,113.9396866841,22.5218152598901,113.92827306128451,22.51917125143459
rj20210228btjd001,113.938016560003,22.4999054606605,113.92658732459793,22.497248406984244
rj20210228nszxq002,113.91651497595,22.5846892904047,113.90513535315662,22.581734957957284
rj20210228nszxq003,113.865949838739,22.5767523162512,113.85453739091672,22.573603921730577
rj20210301btjd004,114.072936159815,22.6621477496167,114.06126087676338,22.659162165590427
wmh20210228nszxq001,113.919560920116,22.5196439557335,113.90820455897088,22.516753024259973
wmh20210228nszxq002,113.947507699862,22.5145978800644,113.93607702142725,22.511961824823892
wmh20210307lxhy001,113.903985963385,22.5900986662729,113.89263724902538,22.586935810349335
wmh20210307lxhy002,113.90758792887,22.5874767847782,113.89623252282644,22.584369317364693
wmh20210307lxhy003,113.90758792887,22.5874767847782,113.89623252282644,22.584369317364693
wmh20210314hzryf001,114.138109859568,22.565453368454,114.12658953124829,22.561875064160418
wmh20210314hzryf002,114.12862265057,22.5616597866997,114.11709998344624,22.558012731445412
wmh20210314hzryf003,114.140107871252,22.5555932318925,114.12859764501239,22.552042205588553
wmh20210321lxhy001,113.90758792887,22.5874767847782,113.89623252282644,22.584369317364693
wmh20210321lxhy002,113.904832002124,22.5843006457363,113.89348461324722,22.58115133844434
wt20210321lxhy001,113.90758792887,22.5874767847782,113.89623252282644,22.584369317364693
wt20210321zzhf002,113.908392949777,22.5848677977426,113.89703702667008,22.581773901635458
wt20210321zzhf003,113.912207923089,22.5786309316127,113.90084625049329,22.57560283431925
wt20210321zzhf004,113.915052000776,22.580358147354,113.90368019963115,22.577379198697404
wy20210228nszx001,113.976039984861,22.5566311416038,113.96462542582468,22.55359641588276
wy20210228nszx003,114.143131926391,22.5606332877812,114.13161560492067,22.55712359086934
wy20210228nszx004,113.932643140292,22.5691306891267,113.92122588344823,22.566424329760526
wy20210301nszx001,113.9197629217,22.5211379511932,113.90840691359062,22.518250658925577
wy20210301nszx002,113.933649668441,22.5160814356531,113.92224618801387,22.51339130644621
wy20210301nszx003,113.931142758463,22.5228333798843,113.91975116142325,22.520116591321283
wy20210301nszx004,113.920137890078,22.4959843882117,113.90875843251224,22.49309917748072
wy20210303kjy001,113.952828831954,22.5163266316347,113.94139658865298,22.513663044574205
wy20210303kjy002,113.933128842716,22.5274603693817,113.92173384452798,22.524766080732817
wy20210303kjy003,113.936673639666,22.5184223686482,113.9252643018326,22.515759210479164
wy20210303kjy004,113.974930008119,22.5476411944088,113.96352128344178,22.544631234197162
wy20210303kjy005,113.975607948294,22.5471942418318,113.96420046967886,22.544170457675882
wy20210307lxhy001,113.90758792887,22.5874767847782,113.89623252282644,22.584369317364693
wy20210307lxhy002,113.90758792887,22.5874767847782,113.89623252282644,22.584369317364693
wy20210307lxhy003,113.90758792887,22.5874767847782,113.89623252282644,22.584369317364693
wy20210307zzhf001,113.911481938618,22.5798719041216,113.90012131525442,22.57683098748797
wy20210307zzhf002,113.911481938618,22.5798719041216,113.90012131525442,22.57683098748797
wy20210314hzryf001,114.13620379053,22.5591173665409,114.12468991418696,22.555520417302347
wy20210314hzryf002,114.13620379053,22.5591173665409,114.12468991418696,22.555520417302347
wy20210314hzryf003,114.13620379053,22.5591173665409,114.12468991418696,22.555520417302347
wy20210314hzryf004,114.13620379053,22.5591173665409,114.12468991418696,22.555520417302347
wy20210314hzryf005,114.13620379053,22.5591173665409,114.12468991418696,22.555520417302347
wy20210321lxhy001,113.913085924068,22.5817990309246,113.90171905056663,22.578785338095123
wy20210321zzhf001,113.911481938618,22.5798719041216,113.90012131525442,22.57683098748797
wy20210321zzhf002,113.915746977161,22.5780501555533,113.90437494451889,22.575084012482442
wy20210321zzhf003,113.911481938618,22.5798719041216,113.90012131525442,22.57683098748797
wy20210328hkc001,114.067349670572,22.6308438902393,114.05566424025297,22.627889035891727
wy20210328sjhc001,114.062813651499,22.631001147148,114.05113473886686,22.628048140905015
wy20210328sjhc002,114.064953678502,22.6308130289897,114.05327100134285,22.62786144162965
wy20210328sjhc003,114.064953678502,22.6308130289897,114.05327100134285,22.62786144162965
wy20210328sjhc004,114.064953678502,22.6308130289897,114.05327100134285,22.62786144162965
wy20210328sjhc005,114.064953678502,22.6308130289897,114.05327100134285,22.62786144162965
wy20210330cgm001,114.036759083639,22.5265477033681,114.0252095448105,22.523336202903344
wy20210330cgm002,114.034777133283,22.5315975557391,114.0232403653337,22.528356045450483
wy20210330cgm003,114.036170113364,22.5296616428575,114.02462499385666,22.526441283439382
wy20210330cgm004,114.031745129333,22.5344143742903,114.02022589614214,22.53112762788051
wy20210411hzryf001,114.13620379053,22.5591173665409,114.12468991418696,22.555520417302347
wy20210411hzryf002,114.13620379053,22.5591173665409,114.12468991418696,22.555520417302347
wy20210411hzryf003,114.13620379053,22.5591173665409,114.12468991418696,22.555520417302347
wy20210411hzryf004,114.13620379053,22.5591173665409,114.12468991418696,22.555520417302347
wy20210411hzryf005,114.13620379053,22.5591173665409,114.12468991418696,22.555520417302347
wy20210411hzryf006,114.13620379053,22.5591173665409,114.12468991418696,22.555520417302347
wy20210418baxc001,113.901434041123,22.589496604797,113.89008989661423,22.58629901155395
wy20210418baxc002,113.901434041123,22.589496604797,113.89008989661423,22.58629901155395
wy20210418baxc003,113.901434041123,22.589496604797,113.89008989661423,22.58629901155395
wy20210418baxc004,113.900676058181,22.5908776125229,113.88933247515638,22.587670170559687
wy20210418baxc005,113.899281046742,22.5943636227066,113.88793831848977,22.591138944395723
wy20210418baxc006,113.901434041123,22.589496604797,113.89008989661423,22.58629901155395
wy20210426nsxq001,113.929304706493,22.4934457193593,113.91789341087126,22.490701051825
wy20210426nsxq002,113.92494479586,22.4913796699482,113.9135459049668,22.48857219867798
wy20210426nsxq003,113.929304706493,22.4934457193593,113.91789341087126,22.490701051825
wy20210426nsxq004,113.929304706493,22.4934457193593,113.91789341087126,22.490701051825
wy20210426nsxq005,113.929304706493,22.4934457193593,113.91789341087126,22.490701051825
wy20210512lyj001,114.038082906717,22.6074263932613,114.02648723347146,22.60422115699334
wy20210512lyj002,114.035285008242,22.6107991834777,114.02370718691228,22.607551246261558
wy20210512lyj003,114.037960868982,22.6078833812472,114.02636612195201,22.604676272983713
wy20210512lyj004,114.037069984467,22.6110102806478,114.02548214298099,22.607789536444926
wy20210512lyj005,114.036178961396,22.6085152610677,114.02459465754707,22.605280960956787
ykq20210321baxc001,113.898551083585,22.5952616258202,113.8872089853886,22.592028627357966
ykq20210321lxhy001,113.908674961501,22.5872118343696,113.89731697463655,22.584122038673158
ykq20210321zzhf001,113.911517918242,22.5839659627441,113.9001541127041,22.580924650208356
ykq20210321zzhf002,113.911369938494,22.5826899367195,113.90000744417549,22.57964639274222
ykq20210329cgm001,114.001710854552,22.5408483584963,113.99031305440803,22.53740288420762
ykq20210329cgm002,114.044018971424,22.5724855602268,114.03240293497464,22.569374268466333
ykq20210420bazxq001,113.895875960197,22.5861146114603,113.88453879628818,22.582856543727765
ykq20210420bazxq002,113.892735793294,22.5634245526105,113.88141995983564,22.56014855767059
ykq20210420bazxq003,113.859163023211,22.6072998777443,113.84770379953832,22.604250441532503
ykq20210420bazxq004,113.887660673613,22.5715928594436,113.87633187527432,22.568293268348057
ykq20210426chhy001,114.137939833579,22.5623953420153,114.12642281280955,22.558815980336746
ykq20210426chhy002,114.138799846954,22.5623693263148,114.12728286681856,22.558800045915003
ykq20210427chhy001,114.139626886295,22.5614512944041,114.12811081704783,22.55789250681473
ykq20210427gm001,114.152798000375,22.5545625639664,114.1412797551621,22.55122383150608
ykq20210427gm002,114.115069663505,22.5570586049651,114.10352032334252,22.553460547119467
yx20210228hyjy001,113.931924657005,22.4916237332798,113.92050428848646,22.488910807246526
yx20210228hyjy002,113.931924657005,22.4916237332798,113.92050428848646,22.488910807246526
yx20210228hyjy003,113.931924657005,22.4916237332798,113.92050428848646,22.488910807246526
yx20210228hyjy004,113.931924657005,22.4916237332798,113.92050428848646,22.488910807246526
yzy20210301nszxq001,114.085418961766,22.530911722477,114.07377339890785,22.52779353777334
zmr20210228hqb001,114.040276041849,22.5697943181843,114.02868291457412,22.56662918255256
zmr20210228hyjy001,113.936265652054,22.491337610726,113.92483358109976,22.48866656255084
zmr20210228hyjy002,113.931924657005,22.4916237332798,113.92050428848646,22.488910807246526
zmr20210302bazx001,113.93714268035,22.5217323450878,113.9257345336468,22.519073027458703
zmr20210302hkc001,113.838049863863,22.6419915369439,113.8264987386285,22.639232729155594
zmr20210307cgm001,113.946161322123,22.6955540891215,113.93470210208814,22.692892068986247
zmr20210307gm001,114.113246657453,22.5760924365408,114.1016713560734,22.572507860134127
zmr20210307hkc001,114.069603719905,22.6296487492287,114.05791575959155,22.626686097318334
zmr20210307kjy001,114.101111852106,22.5482645473588,114.08951792217874,22.544867327449385
zmr20210307sjhc001,114.06411662632,22.6301510806248,114.05243461482593,22.627199406115302
zmr20210308kjy001,113.876791651609,22.5773183703306,113.86542914482786,22.57404849472379
zmr20210308kjy002,114.025685258761,22.6388842968267,114.01418573688194,22.635501864020075
zmr20210309hkc001,114.069603719905,22.6296487492287,114.05791575959155,22.626686097318334
zmr20210309kjy001,113.897268031937,22.5941316330777,113.88592713434656,22.59088532061296
zmr20210315bazx001,113.858094040018,22.6065108018247,113.84662800210704,22.60347859440226
zmr20210316cgm001,113.975784950882,22.5369113042441,113.96438162253502,22.533885123040907
zmr20210316hqb001,114.019876931977,22.5586262676841,114.00840703482491,22.555192377673684
zmr20210316kjy001,113.888661665777,22.57040580029,113.87733539367498,22.56710893547672
zmr20210316nszx001,114.091909144998,22.5583888666087,114.08027110487099,22.555155954718725
zmr20210328gm001,114.117183608368,22.5579385159599,114.10563989373044,22.554321689306107
zmr20210328hqb001,114.100167874281,22.543897537215,114.088572715317,22.54051772733411
zmr20210330gm001,114.173187108938,22.5709897091425,114.1616398086885,22.568011221331986
zsq20210321lxhy001,113.90758792887,22.5874767847782,113.89623252282644,22.584369317364693
zsq20210321zzhf001,113.908392949777,22.5848677977426,113.89703702667008,22.581773901635458
zsq20210321zzhf002,113.908392949777,22.5848677977426,113.89703702667008,22.581773901635458
zsq20210321zzhf003,113.911481938618,22.5798719041216,113.90012131525442,22.57683098748797
zsq20210321zzhf004,113.911481938618,22.5798719041216,113.90012131525442,22.57683098748797
zzx20210228hyjy001,113.933632697215,22.4914907034804,113.92220748633542,22.488796016040904
fyn20210321lxhy004,113.90758792887,22.5874767847782,113.89623252282644,22.584369317364693
zmr20210321hzzx001,114.056672239719,22.564748566556,114.04500992188343,22.561777470931855
hym20210321lxhy002,113.911974956876,22.5849230011187,113.90060920946658,22.581889324911614
zsq20210321lxhy002,113.905612948932,22.5814866403565,113.89426592558483,22.578349720150957
wy20210321zzhf004,113.911481938618,22.5798719041216,113.90012131525442,22.57683098748797
hyt20210321kjy006,113.901902999382,22.5884666086395,113.89055858453794,22.585275331803064
hyt20210321lbaxc007,113.899281046742,22.5943636227066,113.88793831848977,22.591138944395723
hyt20210321lbaxc008,113.901434041123,22.589496604797,113.89008989661423,22.58629901155395
lxs20210321kjy001,113.876791651609,22.5773183703306,113.86542914482786,22.57404849472379
hym20210411hqb001,114.131877757081,22.5576305716094,114.1203628830315,22.553999307585137
