名称,电话,Address,CityName,GCJ_lng,GCJ_lat,WGS84_lng,WGS84_lat,解析结果
新田社区新荔公园篮球场,0755-23204706,宝安区福海街道新田社区新田旧村,深圳市,113.805016,22.668225,113.79340570856475,22.665268265563917,广东省深圳市宝安区福海街道新田村新和社区
新桥街道中心公园篮球场,0755-27226138,宝安区新桥街道新沙路168号,深圳市,113.831174,22.72879,113.81955838876475,22.726042067909948,广东省深圳市宝安区新桥街道新沙路168号
芙蓉体育文化公园,0755-27226138,宝安区新桥街道新玉路与横岗下交叉口,深圳市,113.864637,22.727842,113.8532023549204,22.72468191743296,广东省深圳市宝安区新桥宝安街道新玉路与横岗
田背篮球场,21011606,龙华区福城街道田背一村一路,深圳市,114.037741,22.693651,114.02615017690677,22.690425382938678,广东省深圳市龙华区福城街道田背一村
金倡达科技园篮球场,13714466661,龙华区观湖街道樟坑径社区上围村金倡达科技园,深圳市,114.082379,22.682373,114.07070036825364,22.67927625033174,广东省深圳市龙华区观湖街道樟坑径村上围村金倡达科技园
桔岭新村篮球场,28164280,龙华区福城街道桔岭新村党群V站边,深圳市,114.022632,22.726635,114.0111140832909,22.72319179049558,广东省深圳市龙华区福城街道桔岭新村
章阁股份公司篮球场,,龙华区福城街道章阁路309号（章阁股份公司）旁,深圳市,114.018164,22.746691,114.00668365207831,22.743205475711296,广东省深圳市龙华区福城街道章阁路309号
下围村篮球场,13714506529,龙华区观湖街道下围村篮球场,深圳市,114.077384,22.686462,114.06569183094794,22.683426535908637,广东省深圳市龙华区观湖龙湖街道下围村
松元厦工作站篮球场,,龙华区观湖街道观湖环观中路观城社区工作站内,深圳市,114.058832,22.70298,114.04713729556987,22.699994226193056,广东省深圳市龙华区观湖街道环观中路观城社区工作站
笋岗街道综合性文体服务中心,0755-82440939,罗湖区罗湖区宝安北路4008号二楼,深圳市,114.109639,22.569687,114.09805744298498,22.566148997356144,广东省深圳市罗湖区宝安北路4008号
海上田园五人制足球场,13760376105,宝安区沙井街道民主大道海上田园景区内,深圳市,113.770726,22.727047,113.75911423921052,22.72355188180722,广东省深圳市宝安区沙井街道民主大道海上田园
沙头七人制足球场,13600197298,宝安区沙井街道沙头社区沙壆三路,深圳市,113.810401,22.729086,113.79875250680284,22.72619640228593,广东省深圳市宝安区沙井街道沙头社区沙壆三路
鸿业工业园篮球场,,宝安区航城街道黄麻布社区簕竹角梁坑三路与簕竹角路交叉口西北,深圳市,113.858793,22.655149,113.84736448406886,22.6521044498607,广东省深圳市宝安区宝安航城街道黄麻布社区簕竹角村梁坑三路/簕竹角路
黄麻布股份公司篮球场,,宝安区航城街道黄麻布社区黄麻布路34号,深圳市,113.867744,22.664712,113.8563638004672,22.66153043980825,广东省深圳市宝安区宝安航城街道黄麻布社区黄麻布路34号
铁岗村篮球场,0755-27948165,宝安区西乡街道铁岗社区环村东路庆泰园工业区旁,深圳市,113.887888,22.600812,113.87654439066091,22.597506827419387,广东省深圳市宝安区西乡宝安街道铁岗社区环村东路
龙珠山顶篮球场,,宝安区西乡街道龙珠社区龙珠花园,深圳市,113.878297,22.58074,113.86693693653893,22.5774588415524,广东省深圳市宝安区西乡宝安街道龙珠社区居委会龙珠花园(龙珠路)
麻布社区篮球场,0788-29611454,宝安区西乡街道海城路一号,深圳市,113.868066,22.564971,113.85667707147624,22.561796950062934,广东省深圳市宝安区西乡宝安街道海城路海城路1号
径贝社区篮球场,29636306,宝安区西乡街道径贝社区径贝新村20号旁,深圳市,113.878619,22.568907,113.86727147484103,22.565627194425424,广东省深圳市宝安区西乡宝安街道径贝社区径贝新村20号
宝安公园网球场（公益开放）,13480743356,宝安区新安街道宝安公园东门,深圳市,113.908149,22.583681,113.89679446699081,22.580583412149032,广东省深圳市宝安区新安街道宝安公园(东门)
桂园街道综合文体中心,0755-82117803,罗湖区松园路68号鸿翔花园7栋A座2楼,深圳市,114.105682,22.554932,114.09410081198004,22.55145664239811,广东省深圳市罗湖区松园西街68号鸿翔花园7栋a座
莲塘街道综合性文体服务中心,0755-25359874,罗湖区莲塘街道港莲路城市东座二楼,深圳市,114.169814,22.559294,114.15827867308822,22.55626988769219,广东省深圳市罗湖区莲塘街道港莲路城市东座
九围勒杜鹃谷足球场,19924564569,宝安区航城街道簕杜鹃谷公园旁,深圳市,113.855956,22.64974,113.84450961826013,22.646742127235466,广东省深圳市宝安区航城街道簕杜鹃谷公园
黄麻布足球场,19924564569,宝安区航城街道黄麻布路42号黄麻布公园,深圳市,113.867793,22.665963,113.85641237412197,22.662780396801487,广东省深圳市宝安区航城街道黄麻布路42号黄麻布公园
大浪社区篮球场,0755-29903822,宝安区新安街道创业二路北二巷5号对面,深圳市,113.910381,22.579134,113.89902409763911,22.5760745396443,广东省深圳市宝安区新安街道创业二路北二巷5号
洪浪公园篮球场,15989552993,宝安区新安街道新安20区洪浪南路洪浪公园,深圳市,113.916387,22.570128,113.90502078354538,22.567175341518393,广东省深圳市宝安区新安街道洪浪南路洪浪公园
海裕社区篮球场,0755-21500351,宝安区新安街道玉律路163号,深圳市,113.876445,22.560641,113.86509862944438,22.557378599282313,广东省深圳市宝安区新安街道玉律路163号
龙井社区湖滨花园篮球场,0755-27085594,宝安区新安街道建安一路2号对侧篮球场,深圳市,113.912593,22.55554,113.90125391155473,22.552525085140655,广东省深圳市宝安区新安街道建安一路2号
新安街道龙井社区双界河篮球场,0755-29903822,宝安区新安街道龙井社区双界河篮球场,深圳市,113.913269,22.558592,113.901924899523,22.55558803927483,广东省深圳市宝安区新安街道龙井社区
罗田森林公园网球场,0755-27889202,宝安区燕罗街道燕罗街道罗田森林公园,深圳市,113.891049,22.832983,113.87969402132514,22.82962772190331,广东省深圳市宝安区宝安街道罗田森林公园
盛力人和格斗运动馆天安店,18643807827,龙岗区龙城街道天安数码城3栋A座四楼,深圳市,114.217232,22.721918,114.20582743292987,22.718708647937206,广东省深圳市龙岗区龙城街道龙岗天安数码城3栋a座
盛力人和格斗运动馆碧湖店,18898792912,龙岗区龙城街道碧湖玫瑰园九栋二楼,深圳市,114.240211,22.721636,114.22890758498336,22.718138373485623,广东省深圳市龙岗区龙城街道碧湖玫瑰园9栋
笔架山体育公园,18617073652,福田区华富街道皇岗路笔架山公园,深圳市,114.080876,22.562893,114.06920169032705,22.559836162911022,广东省深圳市福田区华富街道皇岗路笔架山公园
平湖文体中心羽毛球馆（公益）,18823319572,龙岗区平湖街道辅城坳社区融湖广场文体中心6层,深圳市,114.493402,22.53375,114.48223404349426,22.53025820153081,广东省深圳市龙岗区南澳街道社区街道南澳文体中心
平湖文体中心篮球馆（公益）,18948767073,龙岗区平湖街道辅城坳社区融湖广场文体中心4层,深圳市,114.493402,22.53375,114.48223404349426,22.53025820153081,广东省深圳市龙岗区南澳街道社区街道南澳文体中心
坂田云上星动力体育中心（公益）,"130,056,733,121,767,000,000,000,000,000,000",龙岗区坂田街道雪岗北路302号,深圳市,114.058105,22.66602,114.04644706114883,22.66304538062972,广东省深圳市龙岗区坂田街道雪岗北路302号
翠湖文体公园（公益开放）,18188617739,罗湖区黄贝街道沙湾路与太白路交叉口,深圳市,114.145488,22.576051,114.13395397144706,22.572574112723615,广东省深圳市罗湖区东湖街道沙湾路/东湖路
狮子山足球公园（公益）,19924564569,宝安区航城街道机场南路辅路,深圳市,113.835091,22.614028,113.82350230844645,22.611289655791886,广东省深圳市宝安区航城街道机场南路辅路
友鹏大康足球场（公益）,13923788125,龙岗区园山街道大康社区富民路6-1大康足球场,深圳市,114.228708,22.641864,114.21740168047603,22.63850204289434,广东省深圳市龙岗区园山街道大康社区富民路6-1号大康足球场
硬汉篮球俱乐部（公益）,15941092561,龙岗区南湾街道南龙社区布沙路215号百门前工业区厂房7栋702,深圳市,114.147711,22.606572,114.13616647188557,22.603127921864168,广东省深圳市龙岗区南湾街道社区布沙路183号
【宝安】林丹羽毛球俱乐部（公益场）,13316877010,宝安区石岩街道顺达路与育才路交叉路口往东约50米(石岩体育馆),深圳市,113.945795,22.672576,113.9343597977707,22.669924154914145,广东省深圳市宝安区石岩街道顺达路与育才路石岩体育馆
深銮·金鹏足球场（公益）,400-001-6358,龙岗区坂田街道新雪社区上雪路2号,深圳市,114.085099,22.64519,114.0734425370764,22.64206287974419,广东省深圳市龙岗区坂田街道社区街道上雪路2号
新和社区工作站大院,0755-27302112,宝安区福海街道新和社区悦盛二路2号,深圳市,113.805054,22.667739,113.79344400026964,22.66478310105399,广东省深圳市宝安区福海街道新和社区悦盛二路2号
塘尾广场篮球场,0755-85279965,宝安区福海街道塘尾社区塘尾大道塘尾广场篮球场,深圳市,113.812027,22.703723,113.80037951218289,22.700863709319428,广东省深圳市宝安区福海街道塘尾社区塘尾大道
和平康和公园篮球场,0755-29852854,宝安区福海街道和顺路79-1-1号康和公园,深圳市,113.798165,22.689165,113.78654250715235,22.68607206141969,广东省深圳市宝安区福海街道和顺路79-1号康和公园
稔田公园篮球场（稔田文化广场）,0755-27784456,宝安区福海街道稔田社区稔田公园路,深圳市,113.830685,22.7019,113.81907035860552,22.69916053961072,广东省深圳市宝安区福海街道稔田凤凰社区稔田公园路
东方社区南边头小区篮球场,0755-27081734,宝安区松岗街道东方社区南边头小区,深圳市,113.84483,22.760054,113.83330481705845,22.757192987915147,广东省深圳市宝安区松岗街道东方社区南边头小区
东方社区上报美小区篮球场,0755-27081734,宝安区松岗街道143-12号东方社区上报美小区商住楼旁边,深圳市,113.848656,22.760985,113.83715352692643,22.758071327724437,广东省深圳市宝安区松岗街道东方社区上报美村
东方社区雾岗小区篮球场,0755-27081734,宝安区松岗街道东方社区雾岗小区,深圳市,113.845671,22.762262,113.83415200983973,22.759389680577307,广东省深圳市宝安区松岗街道东方社区
碧头第三工业区文化广场篮球场,0755-27053148,宝安区松岗街道碧头社区第三工业区文化广场,深圳市,113.84027,22.740502,113.82870296796263,22.737695148304034,广东省深圳市宝安区松岗街道碧头凤凰社区第三工业区
碧头社区毗邻党建党群服务中心篮球场,0755-27053148,宝安区松岗街道碧头社区松安路沙场2号茅洲河流域毗邻党建党群服务中心,深圳市,113.828157,22.760444,113.81655827175248,22.75769565909507,广东省深圳市宝安区松岗街道碧头凤凰社区松安路茅洲河
潭头第三工业区篮球场,0755-27086860,宝安区松岗街道深圳潭头小学北(松安路东),深圳市,113.843525,22.750611,113.83198472407429,22.74776738179322,广东省深圳市宝安区松岗街道深圳潭头小学
潭头三村篮球场,0755-27086860,宝安区松岗街道潭头三村篮球场,深圳市,113.838307,22.74851,113.82673793724643,22.7457204624602,广东省深圳市宝安区松岗街道潭头三村
潭头新二村篮球场,0755-27086860,宝安区松岗街道潭头新二村篮球场,深圳市,113.838417,22.750879,113.82685069697561,22.74808829187209,广东省深圳市宝安区松岗街道潭头新二村
潭头西部工业区篮球场,0755-27086860,宝安区松岗街道潭头第四工业区(外环高速北150米),深圳市,113.834752,22.748652,113.82316709246571,22.745887510204078,广东省深圳市宝安区松岗街道潭头第四工业区
潭头一村篮球场,0755-27086860,宝安区松岗街道潭头一村篮球场,深圳市,113.845414,22.750031,113.83388368823591,22.747163684608378,广东省深圳市宝安区松岗街道潭头一村
沙浦围社区体育公园,0755-23503546,宝安区松岗街道沙浦围社区体育公园,深圳市,113.825925,22.777365,113.81432505452678,22.77460942517909,广东省深圳市宝安区松岗街道沙浦围社区
江边社区工业园篮球场,0755-27096748,宝安区松岗街道江边社区警务室旁,深圳市,113.847873,22.716646,113.8363352800295,22.713749794477682,广东省深圳市宝安区松岗街道江边街道黄埔社区警务室
沙浦围社区广场篮球场,0755-23503546,宝安区松岗街道沙浦围社区广场,深圳市,113.825925,22.777365,113.81432505452678,22.77460942517909,广东省深圳市宝安区松岗街道沙浦围社区
茅洲河公园篮球场,0755-27138347,宝安区松岗街道沙浦围丰功路1号,深圳市,113.82504,22.775394,113.81343804419268,22.772636584474203,广东省深圳市宝安区松岗街道沙浦围村
沙浦社区球场,13602656992,宝安区松岗街道艺展四路8号,深圳市,113.83395,22.78549,113.82237385622567,22.782720930513964,广东省深圳市宝安区松岗街道艺展四路8号
花果山社区篮球场,0755-27051882,宝安区松岗街道环城路30号附近,深圳市,113.842976,22.771894,113.83144583705221,22.769053161042617,广东省深圳市宝安区松岗街道环城路30号
新桥街道长流陂足球场,13922852108,宝安区新桥街道新玉路旁长流陂水厂门口右侧,深圳市,113.863333,22.726833,113.85189044898353,22.723692590070648,广东省深圳市宝安区新桥街道新玉路旁
新桥街道洪田火山公园足球场,13922852108,宝安区新桥街道黄埔社区洪田荔枝仔路洪田火山公园停车场,深圳市,113.856494,22.700501,113.84501548651455,22.697476626722597,广东省深圳市宝安区新桥街道黄埔社区洪田荔枝仔路洪田火山公园
新桥街道新和大道足球场,13922852108,宝安区新桥街道新和大道旁外环高速南侧,深圳市,113.879913,22.726512,113.86854629684862,22.723192382601702,广东省深圳市宝安区新桥街道外环高速
碧头社区篮球场,0755-27053148,宝安区松岗街道碧头社区党群服务中心,深圳市,113.816573,22.772102,113.80495763319662,22.769286090689988,广东省深圳市宝安区松岗街道碧头深圳市社区党群服务中心
沙头角羽毛球馆（公益开放）,,盐田区沙头角街道金融路55号沙头角体育馆；海涛路27号盐田区游泳馆二楼,深圳市,114.233985,22.547663,114.22270791953628,22.544250812819957,广东省深圳市盐田区沙头角街道金融路55号海涛路27号盐田区游泳馆
沙井卫生监督所篮球场,27228588,宝安区沙井街道宝安大道8261号,深圳市,113.824571,22.739759,113.81294440054374,22.737005773623586,广东省深圳市宝安区沙井街道宝安大道8261号
定岗湖公园生态篮球场,27228588,宝安区沙井街道欣丰路定岗湖公园,深圳市,113.815543,22.727997,113.8038947496856,22.725175973746335,广东省深圳市宝安区沙井街道欣丰路
明湖城市公园,18938978399,光明区凤凰街道光明区明湖城市公园,深圳市,113.898243,22.736362,113.88690270520082,22.733097803014,广东省深圳市光明区凤凰街道明湖城市公园(南1门)
G19高尔夫俱乐部（公益）,18666219000,龙岗区龙城街道公众高尔夫练习场一楼,深圳市,114.240991,22.711962,114.22968959449997,22.708463100852967,广东省深圳市龙岗区龙城街道
白石厦体育公园,13760179670,宝安区福永街道白石厦体育公园（立新湖公园南侧）,深圳市,113.821686,22.680188,113.8100698456628,22.67743847753356,广东省深圳市宝安区福永街道白石厦体育公园
茭塘篮球场,29889606,宝安区沙井街道茭塘花园旁,深圳市,113.808965,22.719624,113.79731353636105,22.716714049394785,广东省深圳市宝安区沙井街道茭塘花园
西部义乌未来健康足球场,15814446992,宝安区沙井街道西环路2009号,深圳市,113.799959,22.725949,113.7883178192717,22.722878048161885,广东省深圳市宝安区沙井街道沙井西环路2009号
白石厦乌石岗足球场,13760179670,宝安区福永街道兴益路和美华路交界白石厦乌石岗足球场,深圳市,113.820367,22.672613,113.80875603534935,22.669857481755354,广东省深圳市宝安区福永街道兴益路白石厦
盛世华联旁网球场,"0755-27173136,13480992719",光明区凤凰街道公园路(甲子塘店),深圳市,113.919944,22.731572,113.90854653051446,22.728647910135795,广东省深圳市光明区凤凰街道甲子塘
南澳文体中心,0755-84403399,大鹏新区南澳街道南澳办事处人民路2号,深圳市,114.493549,22.534006,114.48238138681762,22.530515571817016,广东省深圳市龙岗区大鹏新区南澳街道人民路2号
深圳市宝安区福永街道乒乓球训练基地,0755-27382823,宝安区福永街道怀德南路党群服务中心5楼乒乓球训练基地,深圳市,113.913951,22.565185,113.90259782070198,22.562191081421766,广东省深圳市宝安区福永街道镇宝安区党群服务中心
福永社区翠竹街篮球场,,宝安区福永街道福永社区翠竹街67号旁,深圳市,113.81334,22.664784,113.80172863885393,22.661958299822928,广东省深圳市宝安区福永街道福永社区
辛养社区廉政公园,0755-29693006,宝安区沙井街道辛养社区辛安路36号,深圳市,113.809381,22.739096,113.79774041917769,22.736189571363465,广东省深圳市宝安区沙井街道辛养社区辛安路36号
衙边篮球场,13670000032,宝安区沙井街道衙边社区围浅小区,深圳市,113.812826,22.743415,113.80118898876448,22.740558318680996,广东省深圳市宝安区沙井街道衙边社区围浅小区
华丰国际智造城篮球场,0755-81769999,宝安区沙井街道万安路华丰国际智造城24栋楼下,深圳市,113.788587,22.725792,113.77696258482077,22.722507553316884,广东省深圳市宝安区沙井街道万乐路华丰国际智造城
高新科技园篮球场,13682555550,宝安区沙井街道帝堂路87号-20,深圳市,113.789752,22.745295,113.77814103172422,22.74202885302732,广东省深圳市宝安区沙井街道帝堂路87-6号
蓝天科技园篮球场,0755-33652222,宝安区沙井街道帝堂路沙二蓝天科技园,深圳市,113.788897,22.746969,113.77728889791118,22.743687505591897,广东省深圳市宝安区沙井街道帝堂路沙二蓝天科技园
怡安花园网球场,15811840506,宝安区沙井街道民主大道4号怡安花园,深圳市,113.799488,22.735476,113.7878535844945,22.732394728833814,广东省深圳市宝安区沙井街道民主大道4号怡安花园(南门)
沙二西环新村,0755-29479789,宝安区沙井街道西环路沙二西环新村篮球场、羽毛球场,深圳市,113.80111,22.738183,113.78947575098309,22.73513219639951,广东省深圳市宝安区沙井街道沙井西环路沙二西环新村
奇宏体育场,0755-33668888-63052,宝安区沙井街道辛养西部工业园生活区,深圳市,113.811572,22.73927,113.79993108856503,22.736396323994946,广东省深圳市宝安区沙井街道辛养村
步涌社区文化广场篮球场,0755-23237838,宝安区沙井街道步涌社区文化广场篮球场,深圳市,113.807497,22.758401,113.79587492034233,22.755462181808483,广东省深圳市宝安区沙井街道步涌社区
沙井街道综合性文化服务中心室内乒乓球,0755-27228588,宝安区沙井街道西荟城一期3栋沙井街道综合性文化服务中心,深圳市,113.816695,22.73103,113.80504936929563,22.728221198186834,广东省深圳市宝安区沙井街道华盛新沙荟名庭
红花岭公园足球场（公益场）,,龙岗区龙岗街道清水路红花岭公园内进入靠左步行500米,深圳市,114.510311,22.473022,114.49912598401153,22.469785413306457,广东省深圳市龙岗区龍崗街道红花岭
红花岭低碳公园足球球（公益场）,,龙岗区龙岗街道盐龙大道红花岭低碳公园停车场步行50米,深圳市,114.510311,22.473022,114.49912598401153,22.469785413306457,广东省深圳市龙岗区龍崗街道红花岭
大鹏文体中心（公益）,0755-84312366,大鹏新区大鹏街道人民路37号,深圳市,114.474959,22.599541,114.46367842740636,22.596022413821146,广东省深圳市龙岗区大鹏新区大鹏街道人民路37号
杰奥足球场（公益）,18218723236,龙岗区坪地街道环坪路西侧零碳公园边（未来大道与果岭路交界处）,深圳市,114.286054,22.777444,114.27470373824586,22.774414260028482,广东省深圳市龙岗区坪地街道环坪零碳公园
旭日蔡志明羽毛球馆（公益）,15889550001,龙岗区平湖街道凤凰大道文体服务中心,深圳市,114.147484,22.692401,114.13594446264389,22.688938333366647,广东省深圳市龙岗区平湖街道凤凰大道
平湖体育中心网球场（公益）,15889550001,龙岗区平湖街道平湖体育中心,深圳市,114.140909,22.698574,114.12936738576575,22.695005494175422,广东省深圳市龙岗区平湖街道平湖体育中心
大生（乐城）体育中心-公益场,0755-28886661,龙岗区园山街道坳园路,深圳市,114.222033,22.674333,114.2106880229451,22.671062905625206,广东省深圳市龙岗区园山街道坳园路
民新社区公园,,龙华区民治街道平安路民兴工业区旁,深圳市,114.046765,22.619562,114.03513202709566,22.616481907987207,广东省深圳市龙华区民治街道平安路民兴工业区
马坜社区公园,,龙华区观湖街道观城社区马坜村,深圳市,114.051491,22.7131,114.03981732895984,22.71005310946705,广东省深圳市龙华区观湖街道观城社区马坜村
松元厦社区公园,,龙华区观湖街道松元厦社区松元派出所后,深圳市,114.066914,22.720891,114.0551989446411,22.717912163485337,广东省深圳市龙华区观湖街道松元厦社区松元派出所
金龙路带状公园,,龙华区民治街道金龙路与新区大道交汇处,深圳市,114.042533,22.596398,114.0309101640998,22.593260151274567,广东省深圳市龙华区民治街道金龙路/新区大道
人民路街心公园,,龙华区民治街道深圳市龙华区民治街道人民路与绿景路交界处,深圳市,114.022053,22.628293,114.01056313108235,22.624869771936634,广东省深圳市龙华区民治街道龙华人民路/绿景路
新区大道街心公园,,龙华区民治街道深圳市龙华区民治街道新区大道与民宝路交界处,深圳市,114.022341,22.617114,114.01083926071527,22.613693338843117,广东省深圳市龙华区民治街道新区大道/民宝路
上芬社区公园,,龙华区民治街道深圳市龙华区民治街道西头瓜地新村与龙屋老村对面,深圳市,114.02158,22.637195,114.01010041008966,22.633767181823796,广东省深圳市龙华区民治街道西头瓜地新村龙屋老村
金湖湾体育公园,,龙华区福城街道金湖湾小区旁,深圳市,114.012155,22.734059,114.00068765226807,22.730545869727656,广东省深圳市龙华区福城街道金湖湾小区
梅龙路四号地块,,龙华区民治街道龙华区龙华大道与民乐路交叉路口,深圳市,114.047922,22.604605,114.03627330634339,22.601539692397647,广东省深圳市龙华区民治街道龙华大道与民乐路
福城狮径公园,,龙华区福城街道悦兴路垃圾转运站旁,深圳市,114.023678,22.710709,114.01215350159148,22.70728096933084,广东省深圳市龙华区福城街道悦兴路垃圾转运站
小马沥街心公园,,龙华区福城街道百丽名苑，环城绿道入口,深圳市,114.00582,22.72244,113.99436531984588,22.718933291995107,广东省深圳市龙华区福城街道百丽名苑龙华环城绿道(大水坑段)
章阁背礼园社区公园,,龙华区福城街道塘前村,深圳市,114.017698,22.740854,114.00621419093797,22.73736572569559,广东省深圳市龙华区福城街道塘前村
章阁城市公园,,龙华区福城街道道章阁社区富士康北门公园路,深圳市,114.043788,22.664895,114.03219107157676,22.661770660069593,广东省深圳市龙华区福城街道章阁社区富士康(西门)
罗屋围休闲公园,,龙华区大浪街道罗屋围绕村内,深圳市,114.010232,22.685324,113.99878632749765,22.681823446423653,广东省深圳市龙华区大浪街道罗屋围
石凹新村公园,,龙华区大浪街道石凹新村入口,深圳市,113.994278,22.696644,113.9828486411631,22.69324790077627,广东省深圳市龙华区大浪街道石凹村
下岭排社区公园,,龙华区大浪街道下岭排村内,深圳市,114.007233,22.680352,113.99580148385552,22.676856425061022,广东省深圳市龙华区大浪街道
大浪消防公园,,龙华区大浪街道新岭路边,深圳市,114.000106,22.695092,113.98867323040835,22.691630381513917,广东省深圳市龙华区大浪街道新岭路
大浪体育公园,,龙华区大浪街道大浪办事处后面,深圳市,113.989784,22.663519,113.9783851503616,22.660204519214698,广东省深圳市龙华区大浪街道深圳大浪办事处
大浪劳动者广场,,龙华区大浪街道华繁路213号,深圳市,113.991831,22.676732,113.98042273730545,22.673380039351073,广东省深圳市龙华区大浪街道华繁路213号
大浪龙平公园,,龙华区大浪街道布龙路与白玉街交汇处,深圳市,114.048178,22.630323,114.03654840540214,22.627261173953798,广东省深圳市龙华区大浪街道布龙路
龙华区民塘路市政公园,,龙华区大浪街道民塘路与白玉街交汇处,深圳市,114.012906,22.641283,114.0014671535156,22.63779878786939,广东省深圳市龙华区大浪龙华街道民塘路/白玉街
高峰社区消防文化公园,,龙华区大浪街道大浪西二路陶吓,深圳市,114.002285,22.646968,113.99087819665799,22.643504813983146,广东省深圳市龙华区大浪街道陶吓
龙胜公园,,龙华区大浪街道龙胜旧村后面,深圳市,114.038463,22.622779,114.0268770788474,22.619579726149354,广东省深圳市龙华区大浪乡龙华街道龙胜街道旧村
油松滨水公园,,龙华区观湖街道深圳艺术高中后门,深圳市,114.04307,22.648621,114.03147857249762,22.645489848693742,广东省深圳市龙华区街道深圳艺术高中(公交站)
三联公园,,龙华区观湖街道龙华三联社区,深圳市,114.028528,22.661814,114.01701791656356,22.658465083935187,广东省深圳市龙华区龙华观湖街道龙华三联社区
世纪广场,,龙华区观湖街道润城社区观澜世纪广场5号101,深圳市,114.049503,22.695246,114.03784944152285,22.69218375444566,广东省深圳市龙华区观湖街道润城社区观澜世纪广场(有轨电车站)
观湖中心公园,,龙华区观湖街道鹭湖社区观盛二路中心公园,深圳市,114.062082,22.684731,114.05039711303955,22.681764841337042,广东省深圳市龙华区观湖街道鹭湖社区观盛二路中心公园
龙华街道人民调解公园,,龙华区龙华街道龙观路与大浪南路交汇处西北侧,深圳市,114.021538,22.663239,114.01006434206595,22.659807135011558,广东省深圳市龙华区龙华街道龙观大道/大浪南路
逸秀公园,,龙华区民治街道金龙路与民丰路交界处,深圳市,114.032687,22.603018,114.02112023825168,22.599731298540135,广东省深圳市龙华区民治街道金龙路/民丰路
梅坂大道街心公园,,龙华区民治街道梅坂大道莹水山庄一区入口旁,深圳市,114.053473,22.601621,114.0417994867941,22.598616311202647,广东省深圳市龙华区民治街道梅坂大道
梅龙路三号地公园,,龙华区民治街道梅龙路与白松一路交汇处,深圳市,114.031814,22.618734,114.02026220387356,22.615434288521925,广东省深圳市龙华区民治街道白松一路
白鸽湖文化公园,,龙华区观湖街道环观南路与景田路交叉口,深圳市,114.08972,22.695057,114.07804877203363,22.691836947303408,广东省深圳市龙华区观湖龙湖街道环观南路/景田路
新田社区公园,,龙华区观湖街道新田社区景田路,深圳市,114.080843,22.703487,114.06914039685965,22.700402433941836,广东省深圳市龙华区观湖街道新田村景田路
观城社区公园,,龙华区观湖街道观城社区观澜二中旁,深圳市,114.046799,22.706194,114.03514950510771,22.70309408042544,广东省深圳市龙华区观湖街道观城社区观澜二中(公交站)
龙华绿廊公园,,龙华区民治街道民兴街-民宝路,深圳市,114.029747,22.624874,114.0182126248831,22.621544896725844,广东省深圳市龙华区民治街道民兴街
北站中心公园,,龙华区民治街道深圳北站西广场对面,深圳市,114.02734,22.607822,114.0158052981703,22.604460038056967,广东省深圳市龙华区民治街道深圳北站西广场
白石龙音乐公园,,龙华区民治街道新区大道与金龙路交叉口西南200米,深圳市,114.042533,22.596398,114.0309101640998,22.593260151274567,广东省深圳市龙华区民治街道新区大道/金龙路
洪桥头社区统建楼北侧5人制足球场,13510922272,宝安区燕罗街道洪桥头社区统建楼北侧,深圳市,113.840931,22.781414,113.8293890725122,22.778592583164702,广东省深圳市宝安区燕罗街道洪桥头社区
龙华君子布公园室外智能健身房,,龙华区观澜街道君子布社区君子布新七巷与君新路交叉口西南50米,深圳市,114.09808,22.717389,114.08642770969327,22.714009833719263,广东省深圳市龙华区观澜街道君子布君子布新七巷/君新路
九龙山体育公园室外智能健身房,,龙华区福城街道桔塘社区观光路与观兴东路交叉处,深圳市,114.031709,22.725959,114.02014121667766,22.722632244055173,广东省深圳市龙华区福城街道桔塘社区观光路/观兴东路
清湖社区公园室外智能健身房,,龙华区龙华街道清湖新村东北门（清湖商业广场旁）,深圳市,114.051203,22.667368,114.03956919818431,22.664336115332684,广东省深圳市龙华区龙华街道清湖新村东
茜坑老村公园室外智能健身房,,龙华区福城街道茜坑社区茜坑老围运动场,深圳市,114.027823,22.687658,114.01629481583991,22.684289858592678,广东省深圳市龙华区福城街道茜坑龙华社区茜坑老围运动场
深圳北站中心公园室外智能健身房,,龙华区民治街道北站社区北站中心公园,深圳市,114.023895,22.605688,114.012377697003,22.602284141091086,广东省深圳市龙华区民治街道北站社区居委会北站中心公园
宝安区国民体质测试站,0755-27869392,宝安区新安街道新中心区裕安西路宝安体育馆东门一楼,深圳市,113.882259,22.55927,113.87093265393794,22.555976673717662,广东省深圳市宝安区新安街道新中心区裕安西路宝安体育馆(公交站)
玫瑰苑游泳池,18665897847,龙华区观湖街道观澜大道深业观澜玫瑰苑,深圳市,114.057312,22.716118,114.0456165131011,22.71311933115813,广东省深圳市龙华区观湖街道观澜大道深业观澜玫瑰苑
月亮湾公园,,南山区南山街道南山区南山街道前海路0333号阳光玫瑰园对面,深圳市,113.897118,22.501201,113.8857975038694,22.497962204306905,广东省深圳市南山区南山街道前海路0333号阳光玫瑰园(公交站)对面
南海公园,0755-86031806,南山区南山街道创业路以南、南海大道来福士广场以西、登良路以北、南光路以东,深圳市,113.933088,22.510187,113.9216808257001,22.5074901360876,广东省深圳市南山区南山街道创业路以南登良路以北
大南山公园,0755-26827910,南山区招商街道沿山社区别墅路8号,深圳市,113.911613,22.492218,113.90025753150944,22.489183791839753,广东省深圳市南山区招商街道沿山社区居委会
大光勘社区公园,,龙岗区坂田街道大光勘村东门旁,深圳市,114.066042,22.621827,114.0543493760016,22.618874271173596,广东省深圳市龙岗区坂田街道大光勘村
光雅园社区公园,,龙岗区坂田街道光雅园一巷21-3号,深圳市,114.064431,22.619426,114.05273838290059,22.616474065720674,广东省深圳市龙岗区坂田街道光雅园一巷17-1号
下水径公园,,龙岗区吉华街道金龙路21号,深圳市,114.232667,22.696833,114.22134911489346,22.693405575755207,广东省深圳市龙岗区吉華街道金龙路
深圳大运中心（公益场）,"0755-82299005,0755-82299004",龙岗区龙城街道龙翔大道3001号,深圳市,114.215278,22.694978,114.20387384024563,22.691809990464076,广东省深圳市龙岗区龙城街道龙翔大道3001号
深圳市青少年足球训练基地（公益场）,18126470363,光明区公明街道李松蓢社区屋园路南,深圳市,113.888116,22.804038,113.87678140295563,22.80068675718003,广东省深圳市光明区公明街道李松蓢社区
天安数码城燃动仓,13827695043,龙岗区龙城街道天安数码城，面点王对面,深圳市,114.21695,22.720836,114.20554359226867,22.717631558463026,广东省深圳市龙岗区龙城街道龙岗天安数码城
【大馆】龙城公园燃动仓,"1,915,822,244,913,820,000,000",龙岗区龙城街道龙城公园,深圳市,114.226029,22.712448,114.21467170550571,22.70910100772607,广东省深圳市龙岗区龙城街道龙城公园
【小馆】龙城公园燃动仓,"1,915,822,244,913,820,000,000",龙岗区龙城街道龙城公园,深圳市,114.226029,22.712448,114.21467170550571,22.70910100772607,广东省深圳市龙岗区龙城街道龙城公园
望桐公园,0755-25724172,罗湖区东湖街道望桐新路旁,深圳市,114.18723,22.592067,114.17568938344208,22.589189499751324,广东省深圳市罗湖区望桐新路
畔山决岭社区公园,0755-25724172,罗湖区莲塘街道罗沙路旁,深圳市,114.17422,22.560115,114.16268499614773,22.557153137969056,广东省深圳市罗湖区莲塘街道罗沙路
坭岗街心花园,,罗湖区清水河街道金碧路旁,深圳市,114.09682,22.567717,114.085190340937,22.56439196750018,广东省深圳市罗湖区清水河街道金碧路
莲花社区公园,0755-25724172,罗湖区莲塘街道港莲路旁,深圳市,114.177194,22.559027,114.16566255618538,22.55609959105929,广东省深圳市罗湖区莲塘街道港莲路
东晓社区公园,0755-25724172,罗湖区东晓街道金稻田路旁,深圳市,114.118904,22.584826,114.10733907182856,22.581189495286406,广东省深圳市罗湖区东晓街道街道金稻田路
银湖文体社区公园,0755-25724172,罗湖区清水河街道金湖一路旁,深圳市,114.085139,22.576812,114.07346015570575,22.573689011767993,广东省深圳市罗湖区清水河街道金湖一街
新兴社区公园,0755-25724172,罗湖区黄贝街道罗沙路旁,深圳市,114.17422,22.560115,114.16268499614773,22.557153137969056,广东省深圳市罗湖区黄贝街道罗沙路
新田公园,0755-25724172,罗湖区东湖街道新田大道旁,深圳市,114.140064,22.571142,114.1285373867927,22.567585993455822,广东省深圳市罗湖区东湖街道
新平村社区公园,0755-25724172,罗湖区东湖街道新平大道旁,深圳市,114.140064,22.571142,114.1285373867927,22.567585993455822,广东省深圳市罗湖区东湖街道
兴东社区篮球场,0755-23345431,宝安区新安街道兴东社区留仙二路二巷18号一楼,深圳市,113.917083,22.582422,113.90570309079028,22.57947815233293,广东省深圳市宝安区新安街道兴东社区留仙二路二巷18号
松岗体育中心（公益开放）,0755-29601121,宝安区松岗街道东方大道松岗中学西侧,深圳市,113.864145,22.759845,113.85273460748917,22.756688559115958,广东省深圳市宝安区松岗街道东方大道松岗中学西侧
茜坑老村篮球场,28012728,龙华区福城街道茜坑路茜坑新村内茜坑老村股份公司篮球场,深圳市,114.029843,22.68753,114.01830367166014,22.684189500042077,广东省深圳市龙华区福城街道茜坑茜坑老村
兴富奋斗者篮球场,23737523,龙华区福城街道大三村金湖湾内奋斗者广场,深圳市,114.013642,22.734657,114.00216963139003,22.73114806428767,广东省深圳市龙华区福城街道大三村金湖湾内
罗湖区国民体质测试站,13620981734,罗湖区黄贝街道罗湖体育馆一楼北102室罗湖区社会体育指导员协会,深圳市,114.151697,22.55494,114.14017952582545,22.55158014000122,广东省深圳市罗湖区黄贝街道罗湖体育馆(东南门)
田心社区篮球场,,坪山区石井街道金田路346号,深圳市,114.416452,22.693682,114.40493922134685,22.69063448542071,广东省深圳市坪山区石井街道金田路346号
田头社区风雨篮球场,,坪山区石井街道金田路212号,深圳市,114.401609,22.691772,114.39013221822205,22.688519061620724,广东省深圳市坪山区石井街道金田路212号
田头社区公园门球场,,坪山区石井街道田头社区公园内,深圳市,114.404264,22.691476,114.3927790937675,22.68826750721889,广东省深圳市坪山区石井街道田头社区
石井社区公园篮球场,,坪山区石井街道名成路尽头,深圳市,114.382942,22.68921,114.37153519037147,22.685656545680104,广东省深圳市坪山区石井街道名成路
福民社区运动场,23102151,龙华区福城街道悦兴路186号,深圳市,114.032497,22.71123,114.02092366828651,22.707918415083927,广东省深圳市龙华区福城街道悦兴路186号
南联社区公园（公益）,15012764228,龙岗区龙岗街道宝南路南联社区公园,深圳市,114.25065,22.698659,114.23936789534238,22.695162613751364,广东省深圳市龙岗区龙岗街道宝南路南联社区公园
九围社区篮球场,"0755-12345678,13011245786",宝安区航城街道九围社区洲石路589号,深圳市,113.864941,22.649851,113.85354759021321,22.64671201546081,广东省深圳市宝安区航城街道九围洲石路589号
盐田区网球场（公益场）,0755-25358062,盐田区海山街道海山路90号,深圳市,114.235564,22.560051,114.2242816667494,22.55662083170464,广东省深圳市盐田区海山街道海山路90号
甲子塘安全生产主题公园运动场,13719514835,光明区凤凰街道甲子塘大道55-1号,深圳市,113.913453,22.734746,113.90207893634894,22.7317083563947,广东省深圳市光明区凤凰街道甲子塘大道55号
洪桥头足球场（公益）,13602693348,宝安区燕罗街道洪桥头社区洪圣路旁,深圳市,113.841459,22.786472,113.82991737509198,22.783642906720942,广东省深圳市宝安区燕罗街道洪桥头社区洪圣路
合水口社区足球场,17503058487,光明区马田街道合水口公园,深圳市,113.884122,22.777348,113.8727996821765,22.774007146784918,广东省深圳市光明区马田街道合水口街道
光明街道新围花园篮球场,,光明区光明街道光明社区华夏路42号新围花园旁,深圳市,113.943493,22.754537,113.93205124711217,22.75186222892503,广东省深圳市光明区光明街道凤凰社区华夏路42号新围花园(南门)
黄麻布第三工业区篮球场,0755-29743144,宝安区航城街道黄麻布第三工业区,深圳市,113.860976,22.665631,113.84955739863723,22.662548992975484,广东省深圳市宝安区航城街道黄麻布第三工业区
三围公园篮球场,13590172079,宝安区航城街道航城三围物业旁,深圳市,113.839956,22.611205,113.82838782816174,22.608428532799255,广东省深圳市宝安区航城街道航城镇三围街道
三围社区文化广场篮球场,13590172079,宝安区航城街道三围二巷10号边,深圳市,113.845702,22.614326,113.83416685279292,22.61148310363341,广东省深圳市宝安区航城街道三围二巷9号
草围社区篮球场,0755-23305297,宝安区航城街道草围二路28号,深圳市,113.839543,22.623191,113.82798285401248,22.62041878114662,广东省深圳市宝安区航城街道草围二路28号
后瑞社区篮球场,0755-27502707,宝安区航城街道后瑞社区新瑞一区后瑞后瑞篮球场,深圳市,113.83502,22.632451,113.82344782857355,22.62971367650517,广东省深圳市宝安区航城街道后瑞社区村新瑞一区后瑞篮球场(暂停营业)
黄田公园篮球场,18902443785,宝安区航城街道凯成二路边黄田公园,深圳市,113.841546,22.629829,113.83000238562315,22.62703680094773,广东省深圳市宝安区航城街道凯成二路黄田公园
利锦社区户外文体公园,0755-27513301,宝安区航城街道利锦社区文体公园,深圳市,113.842275,22.636306,113.83074097759234,22.633505865689216,广东省深圳市宝安区航城街道利锦社区
大钟山公园,13922852108,宝安区新桥街道万丰社区万丰中路303号,深圳市,113.823057,22.719376,113.81141549374522,22.71661932237064,广东省深圳市宝安区新桥街道万丰社区万丰中路303号
钟屋荔枝公园篮球场,18988794998,宝安区航城街道钟屋三路荔枝公园内,深圳市,113.807906,22.688363,113.79627403515208,22.68544736789115,广东省深圳市宝安区宝安航城街道荔枝公园
钟屋社区新村广场篮球场,0755-27501691,宝安区航城街道航城钟屋新村广场,深圳市,113.845094,22.620841,113.83356103708861,22.618006249752792,广东省深圳市宝安区航城街道航城镇钟屋新村
鸿鹄足球场（公益）,13066982017,宝安区沙井街道鸿鹄知志教育城,深圳市,113.877656,22.570038,113.86630393450241,22.566764035525836,广东省深圳市宝安区宝安街道教育城
老街篮球场,0755-27607375,宝安区石岩街道老街小区公园,深圳市,113.939388,22.681693,113.92795435756327,22.679023930531507,广东省深圳市宝安区石岩街道
荔湖花园篮球场,0755-27644681,宝安区石岩街道环石岩湖绿道荔湖花园东南侧鑫霖美食坊旁,深圳市,113.926656,22.681815,113.9152570809591,22.679014811819155,广东省深圳市宝安区石岩街道环石岩湖荔湖花园深圳市鑫霖美食坊
塘下涌文化广场球场,0755-27072611,宝安区燕罗街道塘下涌社区文化广场旁,深圳市,113.843072,22.798053,113.83152935322178,22.795200042006517,广东省深圳市宝安区燕罗街道塘下涌社区
塘下涌一村篮球场,0755-27072611,宝安区燕罗街道塘下涌社区一村村委旁,深圳市,113.84424,22.797918,113.8327038939294,22.79505096800575,广东省深圳市宝安区燕罗街道塘下涌镇社区一村
平湖上木古足球场（公益）,"1,576,618,718,118,120,000,000",龙岗区平湖街道彩姿南路与彩姿路口交叉口南50米,深圳市,114.118773,22.667883,114.10723485911522,22.664239969694833,广东省深圳市龙岗区平湖街道彩姿南路
平湖大岭足球场（公益）,"1,576,618,718,118,120,000,000",龙岗区平湖街道凤安路新南村凤凰工业园西侧约200米,深圳市,114.155686,22.685372,114.14414586537784,22.682066703468404,广东省深圳市龙岗区平湖街道凤安路新南村凤凰工业园
南湖街道综合性文体服务中心,0755-82297904,罗湖区南湖街道南湖路3005号国贸商业大厦4楼,深圳市,114.12033,22.541347,114.10880680941335,22.53771310653495,广东省深圳市罗湖区南湖街道春风路3005号国贸商业大厦
东门街道综合文体服务中心,0755-25107795,罗湖区东门街道万达丰大厦六楼,深圳市,114.124831,22.551857,114.11331157964302,22.548208255773748,广东省深圳市罗湖区东门街道万达丰大厦
清水河街道综合文体服务中心,,罗湖区清水河街道坭岗东路1106号清水河街道综合文体中心3楼,深圳市,114.114573,22.574026,114.10300411783152,22.570427978638353,广东省深圳市罗湖区清水河街道坭岗东路1106号
黄贝街道综合文体服务中心,0755-22211956,罗湖区黄贝街道延芳路538号综合文体中心3楼,深圳市,114.155512,22.548859,114.14399560093825,22.545574281687784,广东省深圳市罗湖区黄贝街道延芳路538号
（临时馆）东晓街道综合文体服务中心,0755-82676622,罗湖区东晓街道金稻田路紫荆花园A栋4楼草埔东社区综合文化服务中心多功能室,深圳市,114.117297,22.586632,114.10572644866345,22.58300644467192,广东省深圳市罗湖区东晓街道街道金稻田路紫荆花园(东门)a栋
深圳市力可兴电池有限公司篮球场,0755-27066466,宝安区燕罗街道广田路2号,深圳市,113.877635,22.816647,113.86626152828798,22.81331314216094,广东省深圳市宝安区燕罗街道广田路2号
翠竹街道综合文体服务中心,0755-25126474,罗湖区翠竹街道爱国路330酒店公寓4层,深圳市,114.141957,22.565949,114.13043545836165,22.562420449921294,广东省深圳市罗湖区翠竹街道爱国路330酒店公寓
格第电子(深圳)有限公司篮球场,0755-27091915,宝安区燕罗街道松岗镇燕川北部工业区朝阳路68号,深圳市,113.870166,22.810062,113.85876725748409,22.806803368003617,广东省深圳市宝安区燕罗街道松岗镇燕川北部工业区朝阳路68号
东湖街道综合性文体服务中心,0755-22746418,罗湖区东湖路116号大望苑A座二楼,深圳市,114.141452,22.58133,114.12991547865954,22.577789929335715,广东省深圳市罗湖区东湖路116号大望苑a座
嘉达绿色材料产业园篮球场,13418556529,宝安区燕罗街道朝阳路二期2栋5楼,深圳市,113.869653,22.810465,113.85825128948629,22.80721242150478,广东省深圳市宝安区燕罗街道朝阳路
众和花园篮球场,0755-27072611,宝安区燕罗街道塘下涌社区洋涌路众和花园,深圳市,113.847581,22.797949,113.83606392566882,22.795037426272263,广东省深圳市宝安区燕罗街道塘下涌社区洋涌路众和花园
新曲办公楼前篮球场,,坪山区石井街道新曲办公楼前,深圳市,114.405466,22.6963,114.39397269363154,22.693108777011116,广东省深圳市坪山区石井街道新曲
燕川北部工业园篮球场,13902948128,宝安区燕罗街道燕川社区北部工业园,深圳市,113.861927,22.801589,113.85049266116987,22.798450910271374,广东省深圳市宝安区燕罗街道燕川社区
洪桥头社区篮球场,0755-27058285,宝安区燕罗街道洪桥头社区工作站门前,深圳市,113.840931,22.781414,113.8293890725122,22.778592583164702,广东省深圳市宝安区燕罗街道洪桥头社区
罗田文化广场篮球场,0755-27092947,宝安区燕罗街道罗田社区罗田文化广场,深圳市,113.87474,22.796411,113.8633764506237,22.793111251976036,广东省深圳市宝安区燕罗街道罗田社区罗田文化广场
南昌公园,18199360315,宝安区西乡街道南昌公园,深圳市,113.841143,22.596247,113.82957593848595,22.59345943264267,广东省深圳市宝安区西乡宝安街道南昌公园
坪洲篮球公园,15019231114,宝安区西乡街道坪洲篮球公园,深圳市,113.856662,22.564903,113.8452078410831,22.561902315992736,广东省深圳市宝安区西乡宝安街道坪洲篮球公园
企龙山篮球公园,13760472654,宝安区西乡街道富华社区企龙山篮球公园,深圳市,113.885351,22.596247,113.87400293566017,22.592939792394333,广东省深圳市宝安区西乡宝安街道富华社区企龙山篮球公园
西乡公园,15019231114,宝安区西乡街道富成路160号,深圳市,113.881102,22.577142,113.86975382447365,22.573847464763077,广东省深圳市宝安区西乡宝安街道富成路160号
展城社区体育公园,0755-23303749,宝安区福海街道重庆路中集天达工业园南门,深圳市,113.780088,22.684634,113.76849456628142,22.681234302956117,广东省深圳市宝安区福海街道重庆路中集天达工业园(南门)
上山门村篮球场,13826507806,宝安区燕罗街道上山门街心公园里面,深圳市,113.856023,22.775627,113.84456998045391,22.772595106658446,广东省深圳市宝安区燕罗街道上山门
下山门公园篮球场,13826507806,宝安区燕罗街道下山门公园里面,深圳市,113.850873,22.773807,113.83938858374259,22.770857224529113,广东省深圳市宝安区燕罗街道下山门
燕川文化广场篮球场,0755-27146966,宝安区燕罗街道燕川文化广场,深圳市,113.865633,22.800108,113.85422131734414,22.796915115380624,广东省深圳市宝安区燕罗街道燕川文化广场
圳美社区好日子广场,0755-81767305,光明区新湖街道圳美社区工作站圳美大道,深圳市,113.950968,22.789721,113.93952285582417,22.78701832923823,广东省深圳市光明区新湖街道圳美圳美大道
田脚社区篮球场,,坪山区坑梓街道田脚社区里面,深圳市,114.401609,22.757091,114.39014454863624,22.75382324134677,广东省深圳市坪山区坑梓街道田脚社区街道
燕子岭保障房篮球场,,坪山区龙田街道燕子岭保障房里面,深圳市,114.364605,22.702394,114.3532260348046,22.69874126555266,广东省深圳市坪山区坪山区街道燕子岭保障房
福昌篮球场,,坪山区坪山街道福昌小区里面,深圳市,114.337452,22.691371,114.32605680262097,22.688095489307127,广东省深圳市坪山区坪山街道福昌小区(2号门)
聚龙花园2期篮球场,,坪山区龙田街道聚龙花园2期里面,深圳市,114.388316,22.722259,114.37687290923051,22.71877003568934,广东省深圳市坪山区龙田村坪山区街道聚龙花园2期
龙兴居委会篮球场,,坪山区马峦街道龙兴居委会旁边,深圳市,114.33101,22.689204,114.31960422518618,22.686056071748457,广东省深圳市坪山区马峦街道坪山区街道
龙山篮球,,坪山区坑梓街道龙山社区里面,深圳市,114.401609,22.757091,114.39014454863624,22.75382324134677,广东省深圳市坪山区坑梓街道龙山(西门)社区街道
禾场吓篮球场,,坪山区坑梓街道禾场吓小区里面,深圳市,114.370806,22.74319,114.3594282882678,22.739526175255282,广东省深圳市坪山区坑梓街道
大塘篮球场,,坪山区坑梓街道大塘旁边,深圳市,114.349998,22.758243,114.33863786042934,22.75472316303942,广东省深圳市坪山区坑梓街道大塘
荔枝公园篮球场(牛背村）,,坪山区马峦街道荔枝公园(牛背村）里面,深圳市,114.350331,22.665571,114.33898251679464,22.662071536743472,广东省深圳市坪山区马峦街道荔枝公园
大水湾公园篮球场,,坪山区龙田街道大水湾公园里面,深圳市,114.367752,22.75494,114.35639008506793,22.751271412998165,广东省深圳市坪山区龙田坪山区街道大水湾
大窝祠堂对面篮球场,,坪山区坑梓街道大窝祠堂对面篮球场,深圳市,114.368378,22.762733,114.35702095334037,22.759063217286485,广东省深圳市坪山区坑梓街道大窝
聚龙花园1期篮球场,,坪山区龙田街道聚龙花园1期里面,深圳市,114.392681,22.722246,114.38122163817053,22.7188281617378,广东省深圳市坪山区龙田村坪山区街道聚龙花园1期
沙坑居民小组篮球场,,坪山区碧岭街道沙坑居民小组里面,深圳市,114.286192,22.657402,114.27484904573684,22.654406560107752,广东省深圳市坪山区碧岭街道沙坑
青草林居民小组篮球场,,坪山区马峦街道青草林居民小组里面,深圳市,114.373569,22.689825,114.36218796777761,22.686186100753602,广东省深圳市坪山区马峦街道青草林
社区文化广场篮球场,,坪山区马峦街道坪环社区文化广场内,深圳市,114.342407,22.664446,114.33104645199282,22.661084437481254,广东省深圳市坪山区马峦街道坪环社区居委会
新屋统建楼篮球场,,坪山区龙田街道新屋统建楼旁边,深圳市,114.35841,22.726564,114.347029730066,22.722943159015056,广东省深圳市坪山区龙田街道
李屋居民小组篮球场,,坪山区石井街道李屋居民小组办公楼5巷7号前,深圳市,114.404333,22.775097,114.39286752737146,22.771870717784175,广东省深圳市坪山区石井街道李屋
田头社区公园内篮球场,,坪山区石井街道田头社区公园内,深圳市,114.404264,22.691476,114.3927790937675,22.68826750721889,广东省深圳市坪山区石井街道田头社区
田作居民小组篮球场,,坪山区石井街道田作居民小组旁边,深圳市,114.413403,22.66174,114.40192273884992,22.658672992825625,广东省深圳市坪山区石井街道田作居民小组(公交站)
卢屋居委会办公室附近篮球场,,坪山区坑梓街道金沙社区卢屋居委会办公室附近,深圳市,114.400458,22.753143,114.38899409325094,22.74985602737074,广东省深圳市坪山区坑梓街道金沙社区居委会
金沙社区广场内篮球场,,坪山区坑梓街道金沙社区广场内,深圳市,114.400458,22.753143,114.38899409325094,22.74985602737074,广东省深圳市坪山区坑梓街道金沙社区
龟山公园,13713888110,光明区马田街道薯田埔社区南环路,深圳市,113.870937,22.780691,113.85956703205729,22.77743793003693,广东省深圳市光明区马田街道薯田埔社区
凤凰山人才林公园球场,0755-27396077,宝安区福永街道福凤路东侧（凤凰幼儿园南面）,深圳市,113.844547,22.680716,113.83301765569676,22.677878632777936,广东省深圳市宝安区福永街道福凤路
将围社区篮球场,0755-23245073,光明区马田街道将围社区党群服务中心,深圳市,113.903538,22.755497,113.89220801042202,22.752297125861116,广东省深圳市光明区马田街道将围社区党群服务中心
塘下涌三村篮球场 ,13802253235,宝安区燕罗街道塘下涌社区三村村委旁 ,深圳市,113.840889,22.803021,113.82932958829286,22.800189492816898,广东省深圳市宝安区燕罗街道塘下涌社区三村
塘下涌二村篮球场 ,13802253235,宝安区燕罗街道塘下涌社区二村大楼旁,深圳市,113.843072,22.798053,113.83152935322178,22.795200042006517,广东省深圳市宝安区燕罗街道塘下涌社区
东周文化公园,,光明区光明街道华夏二路东周文化公园,深圳市,113.934458,22.763894,113.92304197922715,22.761168544265228,广东省深圳市光明区光明街道东周文化公园
竹韵公园,,光明区光明街道二十三号路与二十四号路交叉口西南150米竹韵公园,深圳市,113.951399,22.744557,113.9399404655392,22.74186281026688,广东省深圳市光明区光明街道科泰路与二十四号路交叉口西南竹韵公园
新城公园,,光明区光明街道光明社区牛山路新城公园,深圳市,113.942831,22.744632,113.93138106675671,22.741957221543288,广东省深圳市光明区光明街道凤凰社区牛山路
凤举公园,,光明区凤凰街道凤举路凤举公园,深圳市,113.930709,22.743548,113.91928660914463,22.74078458550863,广东省深圳市光明区凤凰街道凤举路凤举公园
凤凰公园,,光明区凤凰街道凤凰社区凤凰公园,深圳市,113.959272,22.730498,113.94780271002399,22.727727085400186,广东省深圳市光明区凤凰街道凤凰社区凤凰公园
大雁山森林公园,,光明区玉塘街道长圳社区大雁山森林公园,深圳市,113.918763,22.71302,113.90736473998629,22.710079525012727,广东省深圳市光明区玉塘街道长圳社区大雁山森林公园
马拉松山湖绿道（大顶岭）,,光明区光明街道光灿路大顶岭,深圳市,113.96291,22.757122,113.95146682472307,22.754295069203092,广东省深圳市光明区光明街道光灿路大顶岭
百草园公园,13826538293,光明区凤凰街道百草园公园,深圳市,113.940555,22.724158,113.92909399971442,22.72147906702871,广东省深圳市光明区凤凰街道百草园
玉龙湾公园,,光明区玉塘街道松白路与田寮路交叉口北110米路西玉龙湾公园,深圳市,113.906516,22.728271,113.89515640146006,22.725118452761734,广东省深圳市光明区玉塘街道松白路田寮路玉龙湾公园
石围公园,18938978399,光明区马田街道石围社区石围公园,深圳市,113.894545,22.754378,113.88322338078176,22.7510774528413,广东省深圳市光明区马田街道石围社区石围公园
楼村湿地公园,0755-82137777,光明区新湖街道公常路与龙大高速交叉口,深圳市,113.91835,22.759944,113.90698258073324,22.75698925957459,广东省深圳市光明区新湖街道S31龙大高速交叉口
光明虹桥公园,,光明区光明街道光侨路与茶林路交汇处,深圳市,113.949233,22.745376,113.93777641591193,22.742693371509027,广东省深圳市光明区光明街道光侨路/茶林路
光照未来公园,,光明区新湖街道光侨北路诚铭学校旁,深圳市,113.945552,22.795422,113.93410653829584,22.79273483382081,广东省深圳市光明区新湖街道光侨北路诚铭学校旁
红花山公园,,光明区公明街道振明路88号,深圳市,113.89921,22.778696,113.88789508049682,22.775435233458175,广东省深圳市光明区公明街道振明路88号
水荫公园,,光明区公明街道风景北路与水荫路交叉口,深圳市,113.903637,22.78901,113.8923106379097,22.78580190449525,广东省深圳市光明区公明街道风景北路/水荫路
光明区德园,,光明区公明街道德园,深圳市,113.927022,22.739336,113.91560718778197,22.736523827771787,广东省深圳市光明区公明街道德园
坪山光祖公园,,坪山区坑梓街道吉康路978路,深圳市,114.372843,22.735525,114.36145440803841,22.73186922642363,广东省深圳市坪山区坑梓街道吉康路105号
盐田体育中心（公益开放）,0755-25013880,盐田区梅沙街道环梅路70号,深圳市,114.303115,22.599559,114.29168908742018,22.59671440641843,广东省深圳市盐田区梅沙街道环梅路70号
蛇口广场,,南山区蛇口街道东角头社区金世纪路11号,深圳市,113.93048,22.483867,113.91905978801863,22.481135984631386,广东省深圳市南山区蛇口街道东角头金世纪路11号
松坪山公园,0755-28369597,南山区西丽街道松坪山乌石头路9号,深圳市,113.947283,22.558571,113.9358485291434,22.555933015376077,广东省深圳市南山区西丽街道松坪山乌石头路9号
陶吓足球场 ,13316954839,龙华区大浪街道陶吓创意园3楼楼顶,深圳市,114.005369,22.648901,113.99395660357025,22.64542054887372,广东省深圳市龙华区大浪街道陶吓创意园3楼
富康社区瓦窑排村篮球场,,龙华区龙华街道瓦窑排居委会办公楼后面,深圳市,114.042409,22.652584,114.03082196476359,22.649442732440225,广东省深圳市龙华区龙华街道瓦窑排村
清湖社区老村篮球场,,龙华区龙华街道清湖社区祠堂门口,深圳市,114.047649,22.669316,114.03602992281282,22.66624206281396,广东省深圳市龙华区龙华街道清湖社区
龙园社区龙华公园篮球场,,龙华区龙华街道龙华公园大门右侧,深圳市,114.017079,22.65731,114.00562784455057,22.653843312477896,广东省深圳市龙华区龙华街道龙华公园
丹坑篮球场,0755-28018969,龙华区福城街道丹坑股份公司门口,深圳市,114.041754,22.715412,114.03012751859671,22.712238805934025,广东省深圳市龙华区福城街道丹坑
茜坑新村篮球场,,龙华区福城街道龙华区去茜坑路茜坑新村内,深圳市,114.033699,22.698267,114.02212686132488,22.694978062850414,广东省深圳市龙华区福城街道茜坑路
大水坑社区篮球场,23731312,龙华区福城街道大二村桔坑路篮球场,深圳市,114.022381,22.730799,114.01086672395188,22.727352527991,广东省深圳市龙华区福城街道大二村桔坑路
君子布社区公园羽毛球场,13510597829,龙华区观澜街道君子布社区公园内,深圳市,114.100993,22.715067,114.08935247794426,22.711636307879733,广东省深圳市龙华区观澜街道君子布
竹村篮球场,21011606,龙华区福城街道竹村西区内,深圳市,114.037308,22.682262,114.02573181344592,22.679034747999015,广东省深圳市龙华区福城街道竹村西区
大水田工业区A区篮球场,13728866646,龙华区观澜街道大水田工业区A区内,深圳市,114.097275,22.738341,114.08563006776438,22.734972959050854,广东省深圳市龙华区观澜街道大水田工业区
新塘篮球场,28164280,龙华区福城街道新塘山顶小区,深圳市,114.023006,22.72143,114.01148433167712,22.717991764153616,广东省深圳市龙华区福城街道新塘山顶小区
大布巷住宅小区篮球场,13751110305,龙华区观澜街道大布巷住宅小区与银星智界二期交界处,深圳市,114.045171,22.725282,114.03352811236572,22.722155186784015,广东省深圳市龙华区观澜街道大布巷银星智界二期
牛角龙工业区篮球场,13537692208,龙华区观湖街道观湖街道五和大道11号,深圳市,114.060397,22.629523,114.0487219966132,22.62656350516601,广东省深圳市龙华区观湖街道五和大道中11号
桔岭老村篮球场,28164280,龙华区福城街道桔岭新村党群V站边,深圳市,114.022632,22.726635,114.0111140832909,22.72319179049558,广东省深圳市龙华区福城街道桔岭新村
长坑村篮球场,15999597292,龙华区观湖街道樟坑径社区长坑村内,深圳市,114.079527,22.68122,114.06784383223336,22.678161823689962,广东省深圳市龙华区观湖龙湖街道樟坑径社区(公交站)
富士施乐高科技篮球场,13751110305,龙华区观澜街道观澜银星工业园富士施乐高科技公司后方,深圳市,114.059154,22.730453,114.04745750107402,22.72746158023434,广东省深圳市龙华区观澜街道
章阁警区篮球场,29425135,龙华区福城街道章阁老村东区170号旁,深圳市,114.017299,22.753378,114.0058287544046,22.74988575185435,广东省深圳市龙华区福城街道章阁老村东区
万安堂篮球场,13751110305,龙华区观澜街道新澜社区派出所对面,深圳市,114.011138,22.725867,113.99966913040991,22.722353318400682,广东省深圳市龙华区观澜街道对面街道
白鸽湖文化公园篮球场,18719450770,龙华区观湖街道樟溪社区环观南路与新樟路交界处白鸽湖文化公园,深圳市,114.088725,22.694036,114.0770515155145,22.69083362071903,广东省深圳市龙华区观湖街道环观南路新樟路白鸽湖文化公园
新田社区谷湖龙篮球场,13603054235,龙华区观湖街道新田社区谷湖龙村,深圳市,114.092148,22.699932,114.08048076535938,22.69666678462821,广东省深圳市龙华区观湖街道新田村谷湖龙
章阁老村东区篮球场,29425135,龙华区福城街道章阁老村东区30号边,深圳市,114.018852,22.748994,114.00737071204638,22.745513448121795,广东省深圳市龙华区福城街道章阁老村东区30号
牛湖工作站篮球场,13689503663,龙华区观澜街道牛湖工作站内,深圳市,114.089024,22.723472,114.07733940043866,22.720254775029023,广东省深圳市龙华区观澜街道牛湖
新田社区元三村篮球场,13590474555,龙华区观湖街道新田社区元三村内,深圳市,114.092446,22.69775,114.08078173720571,22.694480304169176,广东省深圳市龙华区观湖龙湖街道新田村元三村
黎光工作站篮球场,18126342431,龙华区观澜街道黎光工作站旁,深圳市,114.036119,22.755391,114.02455025442069,22.7521268664457,广东省深圳市龙华区观澜街道黎光
新田社区牛轭岭篮球场,13760272333,龙华区观湖街道新田社区牛轭岭村,深圳市,114.087577,22.706205,114.07589000106569,22.70301723356536,广东省深圳市龙华区观湖街道新田村牛轭岭村
库坑社区围仔新村篮球场,15182124901,龙华区观澜街道围仔新村（一品红川湘菜馆旁边）,深圳市,114.042156,22.734724,114.03053473605476,22.731553036751855,广东省深圳市龙华区观澜街道围仔新村
塘前市场篮球场,29425135,龙华区福城街道章阁塘前市场,深圳市,114.017698,22.740854,114.00621419093797,22.73736572569559,广东省深圳市龙华区福城街道章阁镇塘前村
库坑社区新围新村篮球场,15182124901,龙华区观澜街道库坑社区新围新村内,深圳市,114.030479,22.694434,114.01892883852156,22.691099483179677,广东省深圳市龙华区观澜街道库坑社区新围
新田社区老一村篮球场,13714113833,龙华区观湖街道新田社区老一村,深圳市,114.085382,22.702741,114.07369082080307,22.699590331274734,广东省深圳市龙华区观湖街道新田村老一村
章阁富士康北小门篮球场,29425135,龙华区福城街道章阁富士康北小门,深圳市,114.010679,22.737105,113.9992191955943,22.73358925152361,广东省深圳市龙华区福城街道章阁镇富士康
新田吉坑村篮球场,13714280203,龙华区观湖街道新田社区吉坑村委,深圳市,114.087474,22.697794,114.07579298070036,22.694611232649414,广东省深圳市龙华区观湖街道新田村吉坑村
库坑社区老围老村篮球场,15182124901,龙华区观澜街道库坑社区老围老村内,深圳市,114.024007,22.733261,114.01248608174045,22.729831784226057,广东省深圳市龙华区观澜街道库坑社区老围老村
大和村三队篮球场,15818667462,龙华区观湖街道龙华大道观澜天虹对机,深圳市,114.055647,22.710736,114.04395807742183,22.707727404396795,广东省深圳市龙华区观湖街道龙华大道观澜
库坑社区库坑小学对面篮球场,15182124901,龙华区观澜街道库坑社区库坑小学对面,深圳市,114.011138,22.725867,113.99966913040991,22.722353318400682,广东省深圳市龙华区观澜街道库坑社区对面街道
大和环仔新村篮球场,15818667462,龙华区观湖街道大和环仔新村,深圳市,114.050796,22.690993,114.03914107197554,22.687947141624353,广东省深圳市龙华区观湖街道大和环仔新村
潮LOFT篮球场,13652340072,龙华区大浪街道华悦路150号C/D栋,深圳市,114.002967,22.674115,113.99155127694382,22.670640487341867,广东省深圳市龙华区大浪街道华悦路150号
岗头陈屋围篮球场,0755-27973172,龙华区观湖街道观湖岗头陈屋围,深圳市,114.059374,22.71802,114.0476725178922,22.715032024652622,广东省深圳市龙华区观湖街道岗头陈屋围
库坑工作站篮球场,,龙华区观澜街道库坑工作站内,深圳市,114.034907,22.735643,114.02332713937436,22.732362519756478,广东省深圳市龙华区观澜街道库坑
格兰云天网球场,13925245487,龙华区观湖街道深圳观澜格兰云天国际酒店,深圳市,114.043153,22.692621,114.03153343551206,22.689476526879762,广东省深圳市龙华区观湖街道深圳观澜格兰云天国际酒店
君子布张一办公楼篮球场,13510597829,龙华区观澜街道君子布张一办公楼旁,深圳市,114.096891,22.713799,114.08523433617121,22.710442463610093,广东省深圳市龙华区观澜街道君子布张村
君子布龙兴新村小区篮球场,13510597829,龙华区观澜街道君子布龙兴新村小区内,深圳市,114.103715,22.72594,114.09208727244953,22.722460113380652,广东省深圳市龙华区观澜街道君子布龙兴新村
君子布黄背坑公园篮球场,13510597829,龙华区观澜街道君子布黄背坑公园内,深圳市,114.0967,22.713398,114.08504266675722,22.710045069235935,广东省深圳市龙华区观澜街道君子布黄背坑
桂香社区香樟路篮球场,13651444298,龙华区观澜街道桂香社区香樟路红绿灯路口旁,深圳市,114.014736,22.654401,114.00329477915577,22.65092208118634,广东省深圳市龙华区观澜街道龙华社区
桂花社区放马铺篮球场,15999586300,龙华区观澜街道桂花社区放马铺村牌坊旁,深圳市,114.060455,22.726446,114.04875291910028,22.723460699746628,广东省深圳市龙华区观澜街道桂花社区
桂花社区赤花岭新村篮球场,15999586300,龙华区观澜街道赤花岭新村内,深圳市,114.062772,22.726975,114.05106509347007,22.723995775393096,广东省深圳市龙华区观澜街道赤花岭新村
大布巷篮球场,13751110305,龙华区观澜街道新澜社区大布巷市场对面,深圳市,114.050654,22.717972,114.0389834536603,22.71491482103853,广东省深圳市龙华区观澜街道新澜(有轨电车站)大布巷
银星体育公园篮球场,0755-21014050,龙华区观澜街道银星智界一期,深圳市,114.046185,22.722499,114.03453604599001,22.719386387400082,广东省深圳市龙华区观澜街道银星智界一期
红玉路三号地块公园篮球场,,龙华区民治街道白松一路与红玉路交汇处,深圳市,114.031814,22.618734,114.02026220387356,22.615434288521925,广东省深圳市龙华区民治街道白松一路
民治公园,,龙华区民治街道民旺路88号民治社区公园,深圳市,114.035345,22.619185,114.02377344277839,22.615938093701295,广东省深圳市龙华区民治街道民旺路88号民治社区公园
德逸公园篮球场,13670251981,龙华区民治街道梅龙路与布龙路交会处德逸公园,深圳市,114.028435,22.632596,114.01691524707381,22.629249060367755,广东省深圳市龙华区民治街道与布龙路德逸公园
白鸽湖文化公园,,龙华区观湖街道环观南路与白鸽湖路交汇处,深圳市,114.08972,22.695057,114.07804877203363,22.691836947303408,广东省深圳市龙华区观湖龙湖街道环观南路/白鸽湖路
大水田街心公园,,龙华区观澜街道裕新路,深圳市,114.086363,22.735651,114.07467735734275,22.73247660658415,广东省深圳市龙华区观澜街道裕新路
求雨岭城市公园,,龙华区观澜街道牛湖老一村440号,深圳市,114.091661,22.725379,114.07998611345782,22.722114944668345,广东省深圳市龙华区观澜街道牛湖老一村
清湖乐园,,龙华区龙华街道华清大道清湖新村,深圳市,114.049339,22.666999,114.03771361634932,22.663946397912028,广东省深圳市龙华区龙华街道石清大道清湖新村
企坪公园,,龙华区观澜街道桂月社区桂月路,深圳市,114.014736,22.654401,114.00329477915577,22.65092208118634,广东省深圳市龙华区观澜街道龙华社区
龙华公园,,龙华区龙华街道人民路华园道319号,深圳市,114.025514,22.660195,114.01402092571233,22.65680768721878,广东省深圳市龙华区龙华街道华园道319号
君子布社区公园,,龙华区观澜街道办事处君子布社区公园,深圳市,114.09772,22.71713,114.08606628428996,22.71375744096967,广东省深圳市龙华区观澜街道君子布社区公园
德逸公园,0755-23736320,龙华区民治街道龙华大道与布龙路交汇处,深圳市,114.029382,22.632784,114.01785713001505,22.62945002950659,广东省深圳市龙华区民治街道龙华大道与布龙路
中海康城社区公园,0755-28712281,龙岗区龙城街道如意路中海康城花园中海康城国际南区,深圳市,114.205736,22.705507,114.19426943310226,22.702481425164024,广东省深圳市龙岗区龙城街道如意路中海康城中海康城花园南区
回龙埔社区公园,0755-28712281,龙岗区龙城街道龙埔路回龙埔社区公园,深圳市,114.236175,22.731102,114.22486443173062,22.72763046687515,广东省深圳市龙岗区龙城街道龙埔路消防主题公园
横岗人民公园,,龙岗区横岗街道龙岗大道（横岗段）5014号横岗人民公园,深圳市,114.209285,22.646601,114.19787602064092,22.64354446970508,广东省深圳市龙岗区横岗街道龙岗大道横岗段5014号横岗人民公园
丽湖社区公园,,龙岗区吉华街道丽湖花园内,深圳市,114.107388,22.630185,114.095802145757,22.626672730980417,广东省深圳市龙岗区吉华街道丽湖花园
富民公园,15876998878,龙岗区坪地街道富民路优客莱快捷酒店对面,深圳市,114.248253,22.74957,114.23698269070131,22.74605543347367,广东省深圳市龙岗区坪地街道街道富民路
荔山公园,0755-84278518,龙岗区布吉街道百鸽笼地铁站附近,深圳市,114.130354,22.594601,114.11880737989769,22.59095224770483,广东省深圳市龙岗区布吉街道百鸽笼地铁站(公交站)
石芽岭体育公园,0755-84270693,龙岗区布吉街道石芽岭体育公园,深圳市,114.223804,22.676836,114.21246602084767,22.67353701352351,广东省深圳市龙岗区布吉镇平南街道体育公园
凉帽社区公园,,龙岗区吉华街道凉帽村内,深圳市,114.108872,22.648076,114.09730434847937,22.64454161290985,广东省深圳市龙岗区吉华街道凉帽村
甘坑社区公园,,龙岗区吉华街道甘坑新村内,深圳市,114.105644,22.653499,114.09406507172955,22.650012322665788,广东省深圳市龙岗区吉华街道甘坑
四方埔文体公园,15876998878,龙岗区坪地街道长深高速公路附近,深圳市,114.329082,22.781328,114.31768875019331,22.778194255813442,广东省深圳市龙岗区坪地街道G25长深高速
五指耙公园,,宝安区松岗街道松岗街道大田洋六路五指耙公园,深圳市,113.864273,22.758111,113.85286205193225,22.754952913215842,广东省深圳市宝安区松岗街道大田洋
坪山区文体服务中心（公益开放）,0755-89661212,坪山区马峦街道体育一路坪山体育中心,深圳市,114.347206,22.679206,114.33584194941788,22.675752102964683,广东省深圳市坪山区马峦街道体育一路坪山
福田海滨生态体育公园（公益开放）,13422890151,福田区沙头街道白石路5号福田海滨生态体育公园,深圳市,114.012473,22.529292,114.00104695993738,22.52582025007755,广东省深圳市福田区沙头街道白石路5号福田海滨生态体育公园
薯田埔篮球场,,光明区马田街道薯田埔社区福南路（贝贝幼儿园旁）,深圳市,113.874298,22.77948,113.86294351797824,22.776191990072267,广东省深圳市光明区马田街道薯田埔社区福南路
大宝路运动公园（公益）,15875531678,宝安区新安街道大宝路92号,深圳市,113.912909,22.578252,113.90154558170603,22.575236150378576,广东省深圳市宝安区新安街道大宝路92号
罗湖体育馆(公益开放),0755-25411001,罗湖区黄贝街道经二路48号,深圳市,114.15043,22.555388,114.13891335734289,22.55200420771728,广东省深圳市罗湖区黄贝街道经二路48号
罗湖网球中心(公益开放),0755-25428510,罗湖区黄贝街道经二路48号,深圳市,114.15043,22.555388,114.13891335734289,22.55200420771728,广东省深圳市罗湖区黄贝街道经二路48号
易建联篮球训练中心（公益开放）,0755-88398331,福田区沙头街道福田体育公园易建联篮球训练中心,深圳市,114.035465,22.526519,114.02392279671565,22.523287778453227,广东省深圳市福田区沙头街道福田体育公园易建联篮球训练中心
福海足球体育公园(公益开放),18688971056,宝安区福海街道桥头社区福山路,深圳市,113.804357,22.694864,113.79272099371542,22.69188444569561,广东省深圳市宝安区福海街道桥头社区福山路
宝安人才园西湾分园,0755-27806263,宝安区西乡街道金湾大道与西海堤交汇处,深圳市,113.838662,22.584471,113.82708682370176,22.58170948844911,广东省深圳市宝安区西乡街道金湾大道
龙岗区体育中心(免费),0755-28937089,龙岗区龙城街道中心城龙翔大道与水官高速交汇处,深圳市,114.157425,22.642181,114.14589996137586,22.638921762311842,广东省深圳市龙岗区龙城街道S28水官高速
企龙山足球公园,18664920094,宝安区西乡街道企龙山足球公园,深圳市,113.889126,22.597863,113.87778352319975,22.594561438261653,广东省深圳市宝安区西乡宝安街道企龙山足球公园
西乡体育中心,0755-27912900,宝安区西乡街道银田路18号,深圳市,113.854063,22.578903,113.84257872236927,22.575940122159974,广东省深圳市宝安区西乡宝安街道银田路18号
景田网球中心(公益开放),0755-88601506,福田区莲花街道景田北街香蜜湖唯珍府旁（景田银座旁）,深圳市,114.03571,22.555257,114.02415777331342,22.552026536859774,广东省深圳市福田区莲花街道景田北街香蜜湖唯珍府
园岭网球场（公益开放）,18503062626,福田区园岭街道园岭六街城建小公园内（深圳燃气集团园岭站旁）,深圳市,114.098345,22.554383,114.08673516766122,22.551033891196752,广东省深圳市福田区园岭街道园岭六街
黄木岗网球中心（公益开放）,0755-82770188,福田区华富街道笋岗西路3072号（市二医院西行200米）,深圳市,114.080282,22.556422,114.06861322396995,22.553374720661015,广东省深圳市福田区华富街道笋岗西路3072号
莲花体育中心（公益开放）,0755-82770388,福田区莲花街道景田东路和景田南四街交界处（华强职业技术学校西侧）,深圳市,114.046599,22.545559,114.03499541728459,22.54248964217532,广东省深圳市福田区莲花街道景田东路/景田南四街
香蜜体育中心（公益开放）,0755-83771352,福田区香蜜湖街道侨香路与香蜜湖南路交界处,深圳市,114.019218,22.551195,114.00775798051079,22.547757406332394,广东省深圳市福田区香蜜湖街道侨香路与香蜜湖南路
福田体育公园（公益开放）,0755-82818699,福田区沙头街道福强路3030号福田体育公园,深圳市,114.036043,22.526018,114.02449729238053,22.522795547101552,广东省深圳市福田区沙头街道福强路3030号福田体育公园
